company_name,ticker
Sypris Solutions Inc,SYPR
Babcock & Wilcox Enterprises Inc,BW
National Oilwell Varco Inc,NOV
REX American Resources Corp,REX
Revlon Inc,REV
Dover Motorsports Inc,DVD
American Shared Hospital Services,AMS
Reading International Inc,RDI
Miller Industries Inc,MLR
CNO Financial Group Inc,CNO
IDW Media Holdings Inc,IDWM
Ambac Financial Group Inc,AMBC
Globe Life Inc,GL
Universal Health Services Inc,UHS
Dixie Group Inc,DXYN
IQVIA Holdings Inc,IQV
Bsquare Corp,BSQR
Viveve Medical Inc,VIVE
aTyr Pharma Inc,LIFE
Jones Soda Co,JSDA
Castlight Health Inc,CSLT
SG Blocks Inc,SGBX
Tile Shop Holdings Inc,TTSH
Dynavax Technologies Corp,DVAX
Dynatronics Corp,DYNT
Edwards Lifesciences Corp,EW
Golub Capital BDC Inc,GBDC
DURECT Corp,DRRX
Skyline Champion Corp,SKY
Butler National Corp,BUKS
GP Strategies Corp,GPX
Quaker Chemical Corp,KWR
MMA Capital Holdings Inc,MMAC
Inovio Pharmaceuticals Inc,INO
KLDiscovery Inc,KLDI
Natural Resource Partners LP,NRP
OraSure Technologies Inc,OSUR
Abiomed Inc,ABMD
Socket Mobile Inc,SCKT
Opiant Pharmaceuticals Inc,OPNT
GrafTech International Ltd,EAF
Marin Software Inc,MRIN
Capricor Therapeutics Inc,CAPR
ACI Worldwide Inc,ACIW
ReShape Lifesciences Inc,RSLS
Apollo Endosurgery Inc,APEN
BIOLASE Inc,BIOL
Dyadic International Inc,DYAI
Co-Diagnostics Inc,CODX
Cumberland Pharmaceuticals Inc,CPIX
Hanger Inc,HNGR
Daktronics Inc,DAKT
Cytosorbents Corp,CTSO
Syneos Health Inc,SYNH
Eyenovia Inc,EYEN
IsoRay Inc,ISR
VirTra Inc,VTSI
Capital Senior Living Corp,CSU
Optical Cable Corp,OCC
CNA Financial Corp,CNA
Community Health Systems Inc,CYH
Hovnanian Enterprises Inc,HOV
Superior Industries International Inc,SUP
Altimmune Inc,ALT
Perma-Fix Environmental Services Inc,PESI
Conn's Inc,CONN
Tutor Perini Corp,TPC
Diversicare Healthcare Services Inc,DVCR
Rigel Pharmaceuticals Inc,RIGL
State Auto Financial Corp,STFC
Farmer Bros Co,FARM
Xtant Medical Holdings Inc,XTNT
Christopher & Banks Corp,CBKC
Avista Corp,AVA
Hologic Inc,HOLX
GenMark Diagnostics Inc,GNMK
Research Solutions Inc,RSSS
Bimini Capital Management Inc,BMNM
Adaptive Biotechnologies Corp,ADPT
Bruker Corp,BRKR
Laboratory Corporation of America Holdings,LH
Collectors Universe Inc,CLCT
National Research Corp,NRC
Hill International Inc,HIL
PTC Therapeutics Inc,PTCT
CBRE Group Inc,CBRE
Life360 Inc,360
Selective Insurance Group Inc,SIGI
PennyMac Mortgage Investment Trust,PMT
Estee Lauder Companies Inc,EL
Vectrus Inc,VEC
FAT Brands Inc,FAT
Apyx Medical Corp,APYX
Red Lion Hotels Corp,RLH
Intuitive Surgical Inc,ISRG
Spirit AeroSystems Holdings Inc,SPR
ImmuCell Corp,ICCC
Xpel Inc,XPEL
T2 Biosystems Inc,TTOO
Electromed Inc,ELMD
Eastern Co,EML
News Corp,NWSA
Neuronetics Inc,STIM
PPD Inc,PPD
Lakeland Industries Inc,LAKE
FlexShopper Inc,FPAY
Sigma Labs Inc,SGLB
OrthoPediatrics Corp,KIDS
Savara Inc,
TPI Composites Inc,TPIC
Otter Tail Corp,OTTR
Johnson Outdoors Inc,JOUT
FIRST BANK (Hamilton),FRBA
Matinas BioPharma Holdings Inc,MTNB
Hyster-Yale Materials Handling Inc,HY
Conduent Inc,CNDT
Newpark Resources Inc,NR
Enzo Biochem Inc,ENZ
Oil States International Inc,OIS
Kelly Services Inc,KELYA
Biodesix Inc,BDSX
Gty Technology Holdings Inc,GTYH
Air Products and Chemicals Inc,APD
Patrick Industries Inc,PATK
Transmedics Group Inc,TMDX
Kadant Inc,KAI
Globus Medical Inc,GMED
Methode Electronics Inc,MEI
Baker Hughes Co,BKR
Centrus Energy Corp,LEU
Evolving Systems Inc,EVOL
Martin Midstream Partners LP,MMLP
X4 Pharmaceuticals Inc,XFOR
Amtech Systems Inc,ASYS
Northern Technologies International Corp,NTIC
Regeneron Pharmaceuticals Inc,REGN
Primerica Inc,PRI
Laureate Education Inc,LAUR
CoreCivic Inc,CXW
Civeo Corp,CVEO
Reinsurance Group of America Inc,RGA
Marlin Business Services Corp,MRLN
Kaiser Aluminum Corp,KALU
GSE Systems Inc,GVP
Five Star Senior Living Inc,FVE
Onconova Therapeutics Inc,ONTX
Broadmark Realty Capital Inc,BRMK
Ormat Technologies Inc,ORA
Cincinnati Financial Corp,CINF
BK Technologies Inc,BKTI
Applied DNA Sciences Inc,APDN
Ebix Inc,EBIX
PCTEL Inc,PCTI
Unitil Corp,UTL
Invesco Mortgage Capital Inc,IVR
NIC Inc,EGOV
Atea Pharmaceuticals Inc,AVIR
Conformis Inc,CFMS
Nuwellis Inc,NUWE
Select Interior Concepts Inc,SIC
Mistras Group Inc,MG
CTS Corp,CTS
Lancaster Colony Corp,LANC
NMI Holdings Inc,NMIH
Encompass Health Corp,EHC
Ethan Allen Interiors Inc,ETH
MicroStrategy Inc,MSTR
New Mountain Finance Corp,NMFC
Walgreens Boots Alliance Inc,WBA
Everspin Technologies Inc,MRAM
Impinj Inc,PI
Ensign Group Inc,ENSG
NantHealth Inc,NH
R C M Technologies Inc,RCMT
Verisign Inc,VRSN
Soliton Inc,SOLY
Eagle Pharmaceuticals Inc,EGRX
Harley-Davidson Inc,HOG
Quanex Building Products Corp,NX
Hanmi Financial Corp,HAFC
Boston Scientific Corp,BSX
County Bancorp Inc,ICBK
Kraton Corp,KRA
Horizon Global Corp,HZN
RiceBran Technologies,RIBT
INmune Bio Inc,INMB
IDT Corp,IDT
OFS Capital Corp,OFS
Key Tronic Corp,KTCC
Aethlon Medical Inc,AEMD
American International Group Inc,AIG
Natural Health Trends Corp,NHTC
Red Rock Resorts Inc,RRR
Editas Medicine Inc,EDIT
Hancock Whitney Corp,HWC
Akebia Therapeutics Inc,AKBA
Natures Sunshine Products Inc,NATR
IRadimed Corp,IRMD
Novavax Inc,NVAX
Anika Therapeutics Inc,ANIK
Super Micro Computer Inc,SMCI
Caladrius Biosciences Inc,CLBS
Bionano Genomics Inc,BNGO
Sabre Corp,SABR
Sculptor Capital Management Inc,SCU
Trevi Therapeutics Inc,TRVI
Williams Industrial Services Group Inc,WLMS
Lumber Liquidators Holdings Inc,LL
Verint Systems Inc,VRNT
CIRCOR International Inc,CIR
USANA Health Sciences Inc,USNA
Emergent BioSolutions Inc,EBS
Assure Holdings Corp,IOM
National CineMedia Inc,NCMI
American Financial Group Inc,AFG
PC Connection Inc,CNXN
Trilogy International Partners Inc,TRL
GSI Technology Inc,GSIT
Gannett Co Inc,GCI
La-Z-Boy Inc,LZB
Watts Water Technologies Inc,WTS
W. R. Berkley Corp,WRB
Ryman Hospitality Properties Inc,RHP
Sanmina Corp,SANM
Advantage Solutions Inc,ADV
EMCORE Corp,EMKR
NN Inc,NNBR
Global Partners LP,GLP
Kellogg Co,K
Beyond Air Inc,XAIR
Edison International,EIX
Chefs' Warehouse Inc,CHEF
NiSource Inc,NI
TriNet Group Inc,TNET
KLX Energy Services Holdings Inc,KLXE
Assertio Holdings Inc,ASRT
Altus Midstream Co,ALTM
PotlatchDeltic Corp,PCH
Impac Mortgage Holdings Inc,IMH
Deluxe Corp,DLX
United Insurance Holdings Corp,UIHC
Euronet Worldwide Inc,EEFT
Infinity Pharmaceuticals Inc,INFI
Surgalign Holdings Inc,SRGA
Barfresh Food Group Inc,BRFH
CohBar Inc,CWBR
Pennsylvania Real Estate Investment Trust,PEI
Hudson Global Inc,HSON
Universal Electronics Inc,UEIC
Ballantyne Strong Inc,BTN
Genworth Financial Inc,GNW
Fluidigm Corp,FLDM
Acorda Therapeutics Inc,ACOR
Vince Holding Corp,VNCE
Schweitzer-Mauduit International Inc,SWM
PureTech Health PLC,PRTC
Zimmer Biomet Holdings Inc,ZBH
Abbott Laboratories,ABT
ReShape Weightloss Inc,
Ocugen Inc,OCGN
Chembio Diagnostics Inc,CEMI
Heritage Insurance Holdings Inc,HRTG
Exela Technologies Inc,XELA
Thermon Group Holdings Inc,THR
Surmodics Inc,SRDX
FalconStor Software Inc,FALC
Diebold Nixdorf Inc,DBD
Culp Inc,CULP
Hill-Rom Holdings Inc,HRC
Eli Lilly and Co,LLY
Eledon Pharmaceuticals Inc,ELDN
AbbVie Inc,ABBV
PerkinElmer Inc,PKI
Diversified Healthcare Trust,DHC
QEP Co Inc,QEPC
Repligen Corp,RGEN
Asensus Surgical Inc,ASXC
Sprague Resources LP,SRLP
Gulf Island Fabrication Inc,GIFI
EyePoint Pharmaceuticals Inc,EYPT
Financial Institutions Inc,FISI
Emerald Expositions Events Inc,EEX
DXP Enterprises Inc,DXPE
Meridian Bioscience Inc,VIVO
Ameresco Inc,AMRC
Ciner Resources LP,CINR
Celcuity Inc,CELC
McKesson Corp,MCK
US Well Services Inc,USWS
CynergisTek Inc,CTEK
CPS Technologies Corp,CPSH
Novan Inc,NOVN
America First Multifamily Investors LP,ATAX
Good Times Restaurants Inc,GTIM
Sutter Rock Capital Corp,SSSS
Olympic Steel Inc,ZEUS
Verso Corp,VRS
Viad Corp,VVI
Infrastructure and Energy Alternatives Inc,IEA
Paysign Inc,PAYS
Conifer Holdings Inc,CNFR
Mesa Air Group Inc,MESA
Edgewell Personal Care Co,EPC
TransAct Technologies Inc,TACT
Standex International Corp,SXI
Comcast Corp,CMCSA
Diamond S Shipping Inc,DSSI
Kontoor Brands Inc,KTB
FTI Consulting Inc,FCN
Nevro Corp,NVRO
Peabody Energy Corp,BTU
Applied Optoelectronics Inc,AAOI
Cryoport Inc,CYRX
Federal National Mortgage Association,FNMA
BlueLinx Holdings Inc,BXC
NU Skin Enterprises Inc,NUS
Westwood Holdings Group Inc,WHG
Talis Biomedical Corp,TLIS
Goldman Sachs BDC Inc,GSBD
Oscar Health Inc,OSCR
Travelzoo,TZOO
Salem Media Group Inc,SALM
Sharps Compliance Corp,SMED
Liberty Broadband Corp,LBRDA
Cerus Corp,CERS
Kimball International Inc,KBAL
Southside Bancshares Inc,SBSI
Orbital Energy Group Inc,OEG
Henry Schein Inc,HSIC
Mercury General Corp,MCY
RPC Inc,RES
Schnitzer Steel Industries Inc,SCHN
Vapotherm Inc,VAPO
Tenet Healthcare Corp,THC
Southwest Gas Holdings Inc,SWX
DaVita Inc,DVA
SecureWorks Corp,SCWX
Travelers Companies Inc,TRV
Universal Corp,UVV
Brookdale Senior Living Inc,BKD
Dave & Buster's Entertainment Inc,PLAY
Bio Path Holdings Inc,BPTH
United Fire Group Inc,UFCS
Senseonics Holdings Inc,SENS
Noodles & Co,NDLS
Giga-tronics Inc,GIGA
Performant Financial Corp,PFMT
Lument Finance Trust Inc,LFT
Hexion Inc,
PriceSmart Inc,PSMT
Quidel Corp,QDEL
Change Healthcare Inc,CHNG
Fortive Corp,FTV
Portman Ridge Finance Corp,PTMN
IntriCon Corp,IIN
Casella Waste Systems Inc,CWST
PAE Inc,PAE
Designer Brands Inc,DBI
SLM Corp,SLM
J.Jill Inc,JILL
Avinger Inc,AVGR
Beasley Broadcast Group Inc,BBGI
Vanda Pharmaceuticals Inc,VNDA
J & J Snack Foods Corp,JJSF
Intra-Cellular Therapies Inc,ITCI
Plexus Corp,PLXS
Geospace Technologies Corp,GEOS
Del Taco Restaurants Inc,TACO
Air Industries Group,AIRI
Zagg Inc,ZAGG
Franklin Street Properties Corp,FSP
Pitney Bowes Inc,PBI
Fresh Del Monte Produce Inc,FDP
Accelerate Diagnostics Inc,AXDX
CECO Environmental Corp,CECE
Itron Inc,ITRI
Prestige Consumer Healthcare Inc,PBH
Raymond James Financial Inc,RJF
Alamo Group Inc,ALG
American Water Works Company Inc,AWK
Carpenter Technology Corp,CRS
Commercial Vehicle Group Inc,CVGI
Sally Beauty Holdings Inc,SBH
Avnet Inc,AVT
Cutera Inc,CUTR
Surgery Partners Inc,SGRY
Marchex Inc,MCHX
Lovesac Co,LOVE
Acme United Corp,ACU
Century Casinos Inc,CNTY
Telkonet Inc,TKOI
Immersion Corp,IMMR
American States Water Co,AWR
Lifetime Brands Inc,LCUT
Aptargroup Inc,ATR
APi Group Corp,APG
Ultra Clean Holdings Inc,UCTT
InfuSystem Holdings Inc,INFU
Provident Financial Services Inc,PFS
CURO Group Holdings Corp,CURO
Digi International Inc,DGII
Core-Mark Holding Company Inc,CORE
ExOne Co,XONE
Bel Fuse Inc,BELFA
AppFolio Inc,APPF
Matson Inc,MATX
Transenterix Inc,TRXC
Southern Co,SO
Ribbon Communications Inc,RBBN
Amphenol Corp,APH
Myriad Genetics Inc,MYGN
Aldeyra Therapeutics Inc,ALDX
ION Geophysical Corp,IO
Stericycle Inc,SRCL
Boart Longyear Ltd,BLY
IRIDEX Corp,IRIX
First Commonwealth Financial Corp,FCF
Solar Senior Capital Ltd,SUNS
ADDvantage Technologies Group Inc,AEY
RumbleON Inc,RMBL
CorMedix Inc,CRMD
PPL Corp,PPL
Drive Shack Inc,DS
Acorn Energy Inc,ACFN
Summer Infant Inc,SUMR
ManpowerGroup Inc,MAN
Ra Medical Systems Inc,RMED
Capstone Turbine Corp,CPST
Rogers Corp,ROG
TTM Technologies Inc,TTMI
Helios Technologies Inc,HLIO
TransDigm Group Inc,TDG
Titan Machinery Inc,TITN
Container Store Group Inc,TCS
Accuray Inc,ARAY
Aflac Inc,AFL
Ciena Corp,CIEN
Gladstone Investment Corp,GAIN
Monster Beverage Corp,MNST
Insmed Inc,INSM
CareDx Inc,CDNA
TrueBlue Inc,TBI
P H Glatfelter Co,GLT
Tegna Inc,TGNA
Hartford Financial Services Group Inc,HIG
Fiesta Restaurant Group Inc,FRGI
Ralph Lauren Corp,RL
Sensient Technologies Corp,SXT
Brooks Automation Inc,BRKS
Helmerich and Payne Inc,HP
Crown Crafts Inc,CRWS
Warrior Met Coal Inc,HCC
Avantor Inc,AVTR
Fuel Tech Inc,FTEK
Curiositystream Inc.,CURI
Safeguard Scientifics Inc,SFE
Benefitfocus Inc,BNFT
Howard Hughes Corp,HHC
Neogenomics Inc,NEO
Viela Bio Inc,VIE
Vantage Drilling International,VTDRF
Helius Medical Technologies Inc,HSDT
Sabra Health Care REIT Inc,SBRA
ProAssurance Corp,PRA
Lands End Inc,LE
NCR Corp,NCR
STRATA Skin Sciences Inc,SSKN
Huttig Building Products Inc,HBP
ICF International Inc,ICFI
Abercrombie & Fitch Co,ANF
Collegium Pharmaceutical Inc,COLL
ProSight Global Inc,PROS
ePlus inc,PLUS
Alexion Pharmaceuticals Inc,ALXN
Fulgent Genetics Inc,FLGT
CarGurus Inc,CARG
Service Corporation International,SCI
MBIA Inc,MBI
Chemed Corp,CHE
DiaMedica Therapeutics Inc,DMAC
Park Ohio Holdings Corp,PKOH
Carlisle Companies Inc,CSL
Investcorp Credit Management Bdc Inc,ICMB
Quanta Services Inc,PWR
Flushing Financial Corp,FFIC
WEYCO Group Inc,WEYS
Rite Aid Corp,RAD
OPKO Health Inc,OPK
AstroNova Inc,ALOT
Veritex Holdings Inc,VBTX
Athenex Inc,ATNX
Organogenesis Holdings Inc,ORGO
Ryerson Holding Corp,RYI
Loews Corp,L
ModivCare Inc,MODV
Tremont Mortgage Trust,TRMT
Tremont Mortgage Trust,
Supernus Pharmaceuticals Inc,SUPN
LeMaitre Vascular Inc,LMAT
Synthetic Biologics Inc,SYN
Dawson Geophysical Co,DWSN
Acadia Realty Trust,AKR
Dunkin' Brands Group Inc,DNKN
Dunkin' Brands Group Inc,
OSI Systems Inc,OSIS
Western Asset Mortgage Capital Corp,WMC
ScanSource Inc,SCSC
RGC Resources Inc,RGCO
Tillys Inc,TLYS
Markel Corp,MKL
Republic First Bancorp Inc,FRBK
Blue Bird Corp,BLBD
Iron Mountain Inc,IRM
Kohls Corp,KSS
Genco Shipping & Trading Ltd,GNK
Tyson Foods Inc,TSN
Verra Mobility Corp,VRRM
Ultralife Corp,ULBI
Kemper Corp,KMPR
PennyMac Financial Services Inc,PFSI
Chico's FAS Inc,CHS
iHeartMedia Inc,IHRT
HTG Molecular Diagnostics Inc,HTGM
Nike Inc,NKE
Cooper-Standard Holdings Inc,CPS
Asure Software Inc,ASUR
Amerco,UHAL
Barrett Business Services Inc,BBSI
Essential Utilities Inc,WTRG
Quinstreet Inc,QNST
Genie Energy Ltd,GNE
DLH Holdings Corp,DLHC
Harmony Biosciences Holdings Inc,HRMY
HealthStream Inc,HSTM
Blackstone Mortgage Trust Inc,BXMT
ZIOPHARM Oncology Inc,ZIOP
Hillenbrand Inc,HI
Acadia Healthcare Company Inc,ACHC
EnerSys,ENS
Harvard Bioscience Inc,HBIO
Interface Inc,TILE
Lamar Advertising Co,LAMR
Nautilus Inc,NLS
Exantas Capital Corp,XAN
John B Sanfilippo & Son Inc,JBSS
Great Western Bancorp Inc,GWB
Regional Management Corp,RM
UGI Corp,UGI
Main Street Capital Corp,MAIN
Tecogen Inc,TGEN
Moelis & Co,MC
Health Catalyst Inc,HCAT
Apogee Enterprises Inc,APOG
Cengage Learning Holdings II Inc,CNGO
Karyopharm Therapeutics Inc,KPTI
Alimera Sciences Inc,ALIM
TerraForm Power Inc,TERP
Simulations Plus Inc,SLP
Calithera Biosciences Inc,CALA
AtriCure Inc,ATRC
Exponent Inc,EXPO
Sientra Inc,SIEN
Computer Programs and Systems Inc,CPSI
Carriage Services Inc,CSV
Tandem Diabetes Care Inc,TNDM
Clipper Realty Inc,CLPR
Richardson Electronics Ltd,RELL
Preferred Apartment Communities Inc,APTS
Telephone and Data Systems Inc,TDS
AGCO Corp,AGCO
Procter & Gamble Co,PG
Adamis Pharmaceuticals Corp,ADMP
Biolife Solutions Inc,BLFS
Aerpio Pharmaceuticals Inc,ARPO
SJW Group,SJW
Apollo Medical Holdings Inc,AMEH
Catalyst Pharmaceuticals Inc,CPRX
Esperion Therapeutics Inc,ESPR
PAVmed Inc,PAVM
Inspire Medical Systems Inc,INSP
Gladstone Capital Corp,GLAD
Stepan Co,SCL
Marine Products Corp,MPX
Entravision Communications Corp,EVC
Big 5 Sporting Goods Corp,BGFV
Evolus Inc,EOLS
Woodward Inc,WWD
Evelo Biosciences Inc,EVLO
Vishay Intertechnology Inc,VSH
Phibro Animal Health Corp,PAHC
Addus Homecare Corp,ADUS
Comfort Systems USA Inc,FIX
Snap-On Inc,SNA
Boston Beer Company Inc,SAM
Adapthealth Corp,AHCO
Federal Home Loan Mortgage Corp,FMCC
HCA Healthcare Inc,HCA
Lincoln National Corp,LNC
Willdan Group Inc,WLDN
General Motors Co,GM
Anworth Mortgage Asset Corp,ANH
Fulcrum Therapeutics Inc,FULC
Kindred Biosciences Inc,KIN
Hackett Group Inc,HCKT
Teleflex Inc,TFX
Omnicell Inc,OMCL
Manitowoc Company Inc,MTW
Recro Pharma Inc,REPH
Rocky Brands Inc,RCKY
Vericel Corp,VCEL
Alexander & Baldwin Inc,ALEX
Consolidated Communications Holdings Inc,CNSL
Hain Celestial Group Inc,HAIN
Gates Industrial Corporation PLC,GTES
Kite Realty Group Trust,KRG
Guardant Health Inc,GH
Benchmark Electronics Inc,BHE
Oshkosh Corp,OSK
South Jersey Industries Inc,SJI
Bellring Brands Inc,BRBR
Under Armour Inc,UAA
Flowserve Corp,FLS
iStar Inc,STAR
"electroCore, Inc.",ECOR
Lexicon Pharmaceuticals Inc,LXRX
Hershey Co,HSY
Quad/Graphics Inc,QUAD
American Assets Trust Inc,AAT
Middleby Corp,MIDD
Tiptree Inc,TIPT
Minerals Technologies Inc,MTX
Stonex Group Inc,SNEX
Mercury Systems Inc,MRCY
Equifax Inc,EFX
Sarepta Therapeutics Inc,SRPT
Data I/O Corp,DAIO
NortonLifeLock Inc,NLOK
WhiteHorse Finance Inc,WHF
Team Inc,TISI
Colgate-Palmolive Co,CL
Community Bank System Inc,CBU
Unum Group,UNM
Zovio Inc,ZVO
Calavo Growers Inc,CVGW
Pure Storage Inc,PSTG
Multiplan Corp,MPLN
SBA Communications Corp,SBAC
Spirit of Texas Bancshares Inc,STXB
K12 Inc,LRN
Lucira Health Inc,LHDX
FireEye Inc,FEYE
Pulse Biosciences Inc,PLSE
LightPath Technologies Inc,LPTH
RealPage Inc,RP
Citi Trends Inc,CTRN
Hanover Insurance Group Inc,THG
CareTrust REIT Inc,CTRE
Digital Ally Inc,DGLY
Hudson Technologies Inc,HDSN
Arrowhead Pharmaceuticals Inc,ARWR
GATX Corp,GATX
HanesBrands Inc,HBI
Stryker Corp,SYK
TimkenSteel Corp,TMST
Argonaut Gold Inc,AR
TPG RE Finance Trust Inc,TRTX
Agenus Inc,AGEN
ONE Gas Inc,OGS
Boot Barn Holdings Inc,BOOT
Aspen Technology Inc,AZPN
General Electric Co,GE
Xcel Brands Inc,XELB
Mattel Inc,MAT
Bank of Hawaii Corp,BOH
UniFirst Corp,UNF
NRG Energy Inc,NRG
Moderna Inc,MRNA
Enanta Pharmaceuticals Inc,ENTA
CVS Health Corp,CVS
Yelp Inc,YELP
TransUnion,TRU
Cherry Hill Mortgage Investment Corp,CHMI
NuStar Energy LP,NS
Penske Automotive Group Inc,PAG
Helix Energy Solutions Group Inc,HLX
Titan Pharmaceuticals Inc,TTNP
Pinnacle West Capital Corp,PNW
Colfax Corp,CFX
Primoris Services Corp,PRIM
Xcel Energy Inc,XEL
Cavco Industries Inc,CVCO
Warner Music Group Corp,WMG
Bluerock Residential Growth REIT Inc,BRG
Neogen Corp,NEOG
Build-A-Bear Workshop Inc,BBW
Ekso Bionics Holdings Inc,EKSO
Akerna Corp,KERN
SI-BONE Inc,SIBN
Broadwind Energy Inc,BWEN
Lincoln Educational Services Corp,LINC
Procept Biorobotics Corp,PRCT
TELA Bio Inc,TELA
CONSOL Coal Resources LP,CCR
Mack-Cali Realty Corp,CLI
BlackRock TCP Capital Corp,TCPC
Korn Ferry,KFY
BWX Technologies Inc,BWXT
Trevena Inc,TRVN
Universal Insurance Holdings Inc,UVE
PGT Innovations Inc,PGTI
MamaMancini's Holdings Inc,MMMB
Prologis Inc,PLD
Intrepid Potash Inc,IPI
AmerisourceBergen Corp,ABC
Stratus Properties Inc,STRS
AngioDynamics Inc,ANGO
Molina Healthcare Inc,MOH
LCI Industries,LCII
MannKind Corp,MNKD
RadNet Inc,RDNT
Bio Rad Laboratories Inc,BIO
Kimberly-Clark Corp,KMB
Inogen Inc,INGN
John Wiley & Sons Inc,JW.A
Lennox International Inc,LII
Polarityte Inc,PTE
Weatherford International PLC,WFTLF
Vertiv Holdings Co,VRT
Gold Resource Corp,GORO
Spok Holdings Inc,SPOK
Reata Pharmaceuticals Inc,RETA
Monroe Capital Corp,MRCC
Erie Indemnity Co,ERIE
Adtalem Global Education Inc,ATGE
Pulmonx Corp,LUNG
IEC Electronics Corp,IEC
Knowles Corp,KN
Expedia Group Inc,EXPE
Luminex Corp,LMNX
Applied Industrial Technologies Inc,AIT
nLIGHT Inc,LASR
US Foods Holding Corp,USFD
El Pollo Loco Holdings Inc,LOCO
Sensus Healthcare Inc,SRTS
Kura Sushi USA Inc,KRUS
Leidos Holdings Inc,LDOS
TESSCO Technologies Inc,TESS
Johnson & Johnson,JNJ
New Senior Investment Group Inc,SNR
Coherus BioSciences Inc,CHRS
Elevate Credit Inc,ELVT
Washington Real Estate Investment Trust,WRE
Eagle Bancorp Inc,EGBN
O'Reilly Automotive Inc,ORLY
Ampco-Pittsburgh Corp,AP
Genesis Healthcare Inc,GEN
Legacy Housing Corp,LEGH
PennantPark Floating Rate Capital Ltd,PFLT
Harrow Health Inc,HROW
Landec Corp,LNDC
Mitek Systems Inc,MITK
Ameren Corp,AEE
Mcdonald's Corp,MCD
Baxter International Inc,BAX
Genocea Biosciences Inc,GNCA
Levi Strauss & Co,LEVI
Vera Bradley Inc,VRA
Matthews International Corp,MATW
Pyxus International Inc,PYYX
Flotek Industries Inc,FTK
Clearfield Inc,CLFD
Holly Energy Partners LP,HEP
CHF Solutions Inc,CHFS
Biogen Inc,BIIB
CACI International Inc,CACI
Hawaiian Electric Industries Inc,HE
Buckle Inc,BKE
Crossamerica Partners LP,CAPL
STORE Capital Corp,STOR
Frontdoor Inc,FTDR
Callaway Golf Co,ELY
United Continental Holdings Inc,UAL
Installed Building Products Inc,IBP
Corbus Pharmaceuticals Holdings Inc,CRBP
Heidrick & Struggles International Inc,HSII
Everbridge Inc,EVBG
Grand Canyon Education Inc,LOPE
Spero Therapeutics Inc,SPRO
American Campus Communities Inc,ACC
Q2 Holdings Inc,QTWO
Cars.com Inc,CARS
Shenandoah Telecommunications Co,SHEN
Silk Road Medical Inc,SILK
Service Properties Trust,SVC
Royal Gold Inc,RGLD
Physicians Realty Trust,DOC
Iteris Inc,ITI
One Group Hospitality Inc,STKS
ACCO Brands Corp,ACCO
Passage Bio Inc,PASG
Natus Medical Inc,NTUS
Bunge Ltd,BG
Live Nation Entertainment Inc,LYV
Jacobs Engineering Group Inc,J
Suburban Propane Partners LP,SPH
Century Communities Inc,CCS
Cardinal Health Inc,CAH
Antero Midstream Corp,AM
Mercantile Bank Corp,MBWM
Tapestry Inc,TPR
Exagen Inc,XGN
Motorola Solutions Inc,MSI
Universal Technical Institute Inc,UTI
Wabash National Corp,WNC
Charles River Laboratories International Inc,CRL
Kirby Corp,KEX
Wyndham Hotels & Resorts Inc,WH
Inari Medical Inc,NARI
Universal Stainless & Alloy Products Inc,USAP
Enviva Partners LP,EVA
Allied Motion Technologies Inc,AMOT
Urban Outfitters Inc,URBN
Remark Holdings Inc,MARK
Masonite International Corp,DOOR
Stellus Capital Investment Corp,SCM
Imricor Medical Systems Inc,IMR
Brp Group Inc,BRP
CorePoint Lodging Inc,CPLG
ANI Pharmaceuticals Inc,ANIP
Encore Wire Corp,WIRE
U.S. Silica Holdings Inc,SLCA
Geo Group Inc,GEO
Boyd Gaming Corp,BYD
Macerich Co,MAC
EPR Properties,EPR
Bally's Corp,BALY
Life Storage Inc,LSI
Lindsay Corp,LNN
Hunt Companies Finance Trust Inc,HCFT
Chimerix Inc,CMRX
CAI International Inc,CAI
Chesapeake Utilities Corp,CPK
Viking Therapeutics Inc,VKTX
Cvent Holding Corp,CVT
Kimball Electronics Inc,KE
Harsco Corp,HSC
Apollo Commercial Real Estate Finance Inc,ARI
Adamas Pharmaceuticals Inc,ADMS
CBTX Inc,CBTX
Enerpac Tool Group Corp,EPAC
South Plains Financial Inc,SPFI
L.B. Foster Co,FSTR
Spark Energy Inc,SPKE
Maximus Inc,MMS
Aspen Aerogels Inc,ASPN
Exterran Corp,EXTN
Employers Holdings Inc,EIG
Cabot Corp,CBT
Oxford Lane Capital Corp,OXLC
PJT Partners Inc,PJT
TCG BDC Inc,CGBD
LSI Industries Inc,LYTS
General Finance Corp,GFN
Office Depot Inc,ODP
USA Technologies Inc,USAT
Veeco Instruments Inc,VECO
Hooker Furniture Corp,HOFT
LHC Group Inc,LHCG
Aptinyx Inc,APTX
Tribune Publishing Co,TPCO
Horizon Technology Finance Corp,HRZN
CPI Aerostructures Inc,CVU
Encore Capital Group Inc,ECPG
Avid Bioservices Inc,CDMO
Northrop Grumman Corp,NOC
Amerisafe Inc,AMSF
John Bean Technologies Corp,JBT
Principal Financial Group Inc,PFG
AT&T Inc,T
XpresSpa Group Inc,XSPA
Semtech Corp,SMTC
S&T Bancorp Inc,STBA
Sturm Ruger & Company Inc,RGR
Avalara Inc,AVLR
Intelligent Systems Corp,INS
inTest Corp,INTT
EverQuote Inc,EVER
CryoLife Inc,CRY
Regis Corp,RGS
ChemoCentryx Inc,CCXI
Tabula Rasa HealthCare Inc,TRHC
CenturyLink Inc,CTL
Planet 13 Holdings Inc,PLTH
Twin Disc Inc,TWIN
Draftkings Inc,DKNG
Welbilt Inc,WBT
Genasys Inc,GNSS
Hirequest Inc,HQI
Easterly Government Properties Inc,DEA
Lannett Company Inc,LCI
Cubic Corp,CUB
1-800-Flowers.Com Inc,FLWS
LKQ Corp,LKQ
Red Violet Inc,RDVT
Motorcar Parts of America Inc,MPAA
Starbucks Corp,SBUX
Hillman Solutions Corp,HLMN
TherapeuticsMD Inc,TXMD
HMS Holdings Corp,HMSY
Vishay Precision Group Inc,VPG
Huntington Ingalls Industries Inc,HII
Bancorp Inc,TBBK
CatchMark Timber Trust Inc,CTT
Six Flags Entertainment Corp,SIX
Community Bankers Trust Corp,ESXB
Community Bankers Trust Corp,
Moog Inc,MOG.A
Whitestone REIT,WSR
Altria Group Inc,MO
Glaukos Corp,GKOS
MasTec Inc,MTZ
Centene Corp,CNC
Orthofix Medical Inc,OFIX
Ortho Clinical Diagnostics Holdings PLC,OCDX
Lowe's Companies Inc,LOW
American Woodmark Corp,AMWD
Airgain Inc,AIRG
Resmed Inc,RMD
Insperity Inc,NSP
Curis Inc,CRIS
Reliance Steel & Aluminum Co,RS
Parsons Corp,PSN
Priority Technology Holdings Inc,PRTH
New Home Company Inc,NWHM
Eastman Chemical Co,EMN
ADMA Biologics Inc,ADMA
IPG Photonics Corp,IPGP
Caleres Inc,CAL
Energous Corp,WATT
Marker Therapeutics Inc,MRKR
Pershing Square Holdings Ltd,PSH
Valmont Industries Inc,VMI
Griffon Corp,GFF
Ready Capital Corp,RC
Halliburton Co,HAL
Eloxx Pharmaceuticals Inc,ELOX
Public Service Enterprise Group Inc,PEG
Atlantic Capital Bancshares Inc,ACBI
LivePerson Inc,LPSN
Ares Capital Corp,ARCC
Dorian LPG Ltd,LPG
Visteon Corp,VC
Omeros Corp,OMER
Akoustis Technologies Inc,AKTS
RealReal Inc,REAL
Veru Inc,VERU
Evans Bancorp Inc,EVBN
Mdu Resources Group Inc,MDU
Skechers USA Inc,SKX
Radiant Logistics Inc,RLGT
Codexis Inc,CDXS
Meredith Corp,MDP
Ameris Bancorp,ABCB
Diodes Inc,DIOD
Sanderson Farms Inc,SAFM
H&E Equipment Services Inc,HEES
W&T Offshore Inc,WTI
Weight Watchers International Inc,WW
SPX Corp,SPXC
Integer Holdings Corp,ITGR
Weyerhaeuser Co,WY
Hexcel Corp,HXL
Quest Diagnostics Inc,DGX
Hewlett Packard Enterprise Co,HPE
Synalloy Corp,SYNL
Starwood Property Trust Inc,STWD
AdvanSix Inc,ASIX
Matrix Service Co,MTRX
Domino's Pizza Inc,DPZ
Yum! Brands Inc,YUM
Pennant Group Inc,PNTG
Westlake Chemical Partners LP,WLKP
Church & Dwight Co Inc,CHD
Comtech Telecommunications Corp,CMTL
Parade Technologies Ltd,4966
Kroger Co,KR
Green Brick Partners Inc,GRBK
Aaon Inc,AAON
Scholastic Corp,SCHL
Cross Country Healthcare Inc,CCRN
Anavex Life Sciences Corp,AVXL
Hubbell Inc,HUBB
Childrens Place Inc,PLCE
Viemed Healthcare Inc,VMD
Smith Micro Software Inc,SMSI
Accel Entertainment Inc,ACEL
Arena Pharmaceuticals Inc,ARNA
Kinsale Capital Group Inc,KNSL
Entergy Corp,ETR
Ecolab Inc,ECL
RBB Bancorp,
Heritage-Crystal Clean Inc,HCCI
Avangrid Inc,AGR
Cognizant Technology Solutions Corp,CTSH
Oceaneering International Inc,OII
STAAR Surgical Co,STAA
TFF Pharmaceuticals Inc,TFFP
Beazer Homes USA Inc,BZH
Amneal Pharmaceuticals Inc,AMRX
Icahn Enterprises LP,IEP
Berkeley Lights Inc,BLI
Cigna Corp,CI
Medallion Financial Corp,MFIN
Pfizer Inc,PFE
Geron Corp,GERN
Sonos Inc,SONO
Allied Esports Entertainment Inc,AESE
Agilent Technologies Inc,A
Cree Inc,CREE
Masimo Corp,MASI
Badger Meter Inc,BMI
Evergy Inc,EVRG
Oxford Square Capital Corp,OXSQ
Greif Inc,GEF
Textron Inc,TXT
Fox Factory Holding Corp,FOXF
Marriott Vacations Worldwide Corp,VAC
Safehold Inc,SAFE
International Seaways Inc,INSW
Integra Lifesciences Holdings Corp,IART
Independent Bank Group Inc,IBTX
Shockwave Medical Inc,SWAV
Ross Stores Inc,ROST
Progress Software Corp,PRGS
Vector Group Ltd,VGR
Becton Dickinson and Co,BDX
MYR Group Inc,MYRG
Poshmark Inc,POSH
"OAK STREET HEALTH, INC.",OSH
Mohawk Industries Inc,MHK
Arrow Electronics Inc,ARW
Wireless Telecom Group Inc,WTT
MFA Financial Inc,MFA
Foot Locker Inc,FL
Athersys Inc,ATHX
Zebra Technologies Corp,ZBRA
Premier Financial Corp (OHIO),PFC
Energy Focus Inc,EFOI
American Superconductor Corp,AMSC
Pangaea Logistics Solutions Ltd,PANL
Overseas Shipholding Group Inc,OSG
QTS Realty Trust Inc,QTS
Qurate Retail Inc,QRTEA
SeaWorld Entertainment Inc,SEAS
Kosmos Energy Ltd,KOS
Avient Corp,AVNT
Williams-Sonoma Inc,WSM
Cinemark Holdings Inc,CNK
Hawaiian Holdings Inc,HA
Mosaic Co,MOS
Oracle Corp,ORCL
DASAN Zhone Solutions Inc,DZSI
Armstrong Flooring Inc,AFI
Equity Commonwealth,EQC
Brickell Biotech Inc,BBI
3D Systems Corp,DDD
Compass Minerals International Inc,CMP
Camden National Corp,CAC
Ironwood Pharmaceuticals Inc,IRWD
TrueCar Inc,TRUE
Gentherm Inc,THRM
PNC Financial Services Group Inc,PNC
Tupperware Brands Corp,TUP
Alliant Energy Corp,LNT
Reynolds Consumer Products Inc,REYN
Chimera Investment Corp,CIM
Progyny Inc,PGNY
Battalion Oil Corp,BATL
Bain Capital Specialty Finance Inc,BCSF
Crawford & Co,CRD.B
Inovalon Holdings Inc,INOV
Virgin Galactic Holdings Inc,SPCE
Paylocity Holding Corp,PCTY
Pacira Biosciences Inc,PCRX
Frequency Electronics Inc,FEIM
Forward Air Corp,FWRD
Hormel Foods Corp,HRL
StoneCastle Financial Corp,BANX
Cedar Fair LP,FUN
SelectQuote Inc,SLQT
Rockwell Medical Inc,RMTI
IZEA Worldwide Inc,IZEA
Celsion Corp,CLSN
Ellington Financial Inc,EFC
Eventbrite Inc,EB
Biomarin Pharmaceutical Inc,BMRN
Shoe Carnival Inc,SCVL
Elanco Animal Health Inc,ELAN
Colony Credit Real Estate Inc,CLNC
Westrock Co,WRK
Fox Corp,FOXA
Hilton Grand Vacations Inc,HGV
General Dynamics Corp,GD
Haynes International Inc,HAYN
Incyte Corp,INCY
Spirit Realty Capital Inc,SRC
CorVel Corp,CRVL
Aegion Corp,AEGN
RPM International Inc,RPM
United Therapeutics Corp,UTHR
Ingevity Corp,NGVT
Target Hospitality Corp,TH
Concert Pharmaceuticals Inc,CNCE
RR Donnelley & Sons Co,RRD
Synopsys Inc,SNPS
Haverty Furniture Companies Inc,HVT
i3 Verticals Inc,IIIV
Truist Financial Corp,TFC
Landmark Bancorp Inc,LARK
Independent Bank Corp (Massachusetts),INDB
Coca-Cola Co,KO
Renasant Corp,RNST
G1 Therapeutics Inc,GTHX
Oil-Dri Corporation of America,ODC
REV Group Inc,REVG
AMN Healthcare Services Inc,AMN
Shutterstock Inc,SSTK
180 Degree Capital Corp,TURN
Alpha and Omega Semiconductor Ltd,AOSL
Energy Recovery Inc,ERII
Quanterix Corp,QTRX
Wayfair Inc,W
American Axle & Manufacturing Holdings Inc,AXL
Cardiovascular Systems Inc,CSII
Waters Corp,WAT
Facebook Inc,FB
ManTech International Corp,MANT
ServiceSource International Inc,SREV
Funko Inc,FNKO
PagerDuty Inc,PD
Darling Ingredients Inc,DAR
Independent Bank Corp (Michigan),IBCP
Catalent Inc,CTLT
Dolby Laboratories Inc,DLB
Urban One Inc,UONEK
Bristow Group Inc,VTOL
World Fuel Services Corp,INT
Federal Realty Investment Trust,FRT
Bio-Techne Corp,TECH
Teligent Inc,TLGT
Navient Corp,NAVI
Central Garden & Pet Co,CENT
TechPrecision Corp,TPCS
FRP Holdings Inc,FRPH
Eversource Energy,ES
Paramount Group Inc,PGRE
Century Aluminum Co,CENX
3M Co,MMM
Magnite Inc,MGNI
NVE Corp,NVEC
Dril-Quip Inc,DRQ
International Flavors & Fragrances Inc,IFF
Invitae Corp,NVTA
Pivotal Systems Corp,PVS
Astec Industries Inc,ASTE
Mayville Engineering Company Inc,MEC
MSC Industrial Direct Co Inc,MSM
Profire Energy Inc,PFIE
PAR Technology Corp,PAR
Medical Properties Trust Inc,MPW
B. Riley Financial Inc,RILY
Ruth's Hospitality Group Inc,RUTH
Associated Banc-Corp,ASB
Dare Bioscience Inc,DARE
Southern Copper Corp,SCCO
Live Oak Bancshares Inc,LOB
Chatham Lodging Trust,CLDT
Veracyte Inc,VCYT
Intellicheck Inc,IDN
Aspira Women's Health Inc,AWH
Resources Connection Inc,RGP
Crane Co,CR
Genesis Energy LP,GEL
Insight Enterprises Inc,NSIT
Cummins Inc,CMI
Stewart Information Services Corp,STC
Bellicum Pharmaceuticals Inc,BLCM
Genuine Parts Co,GPC
Townsquare Media Inc,TSQ
National Energy Services Reunited Corp,NESR
Ingredion Inc,INGR
Vocera Communications Inc,VCRA
Cumulus Media Inc,CMLS
Whirlpool Corp,WHR
Cohu Inc,COHU
QCR Holdings Inc,QCRH
Proofpoint Inc,PFPT
Lumos Pharma Inc,LUMO
Science Applications International Corp,SAIC
Cooper Tire & Rubber Co,CTB
Qumu Corp,QUMU
Greenbrier Companies Inc,GBX
Sleep Number Corp,SNBR
Schrodinger Inc,SDGR
Orion Energy Systems Inc,OESX
Trustmark Corp,TRMK
Petco Health and Wellness Company Inc,WOOF
Clear Channel Outdoor Holdings Inc,CCO
Liquidity Services Inc,LQDT
SVB Financial Group,SIVB
Assurant Inc,AIZ
Andersons Inc,ANDE
Mastech Digital Inc,MHH
Constellation Brands Inc,STZ
Five9 Inc,FIVN
Mastercraft Boat Holdings Inc,MCFT
SeaChange International Inc,SEAC
Albertsons Companies Inc,
Albertsons Companies Inc,ACI
BJ's Restaurants Inc,BJRI
SIGA Technologies Inc,SIGA
Covetrus Inc,CVET
Cooper Companies Inc,COO
Commercial Metals Co,CMC
Anthem Inc,ANTM
Forterra Inc,FRTA
Insteel Industries Inc,IIIN
ICAD Inc,ICAD
Intellia Therapeutics Inc,NTLA
Medpace Holdings Inc,MEDP
Littelfuse Inc,LFUS
GlycoMimetics Inc,GLYC
Navistar International Corp,NAV
Planet Fitness Inc,PLNT
Allstate Corp,ALL
Trecora Resources,TREC
Align Technology Inc,ALGN
Inspired Entertainment Inc,INSE
MiMedx Group Inc,MDXG
Welltower Inc,WELL
Option Care Health Inc,OPCH
Herc Holdings Inc,HRI
Berry Petroleum Corp,BRY
Infinera Corp,INFN
Issuer Direct Corp,ISDR
Hilton Worldwide Holdings Inc,HLT
Amazon.com Inc,AMZN
Norwegian Cruise Line Holdings Ltd,NCLH
Digital Realty Trust Inc,DLR
InterDigital Wireless Inc,IDCC
Crescent Capital BDC Inc,CCAP
Alliance Resource Partners LP,ARLP
FS KKR Capital Corp II,FSKR
Ocwen Financial Corp,OCN
Scientific Games Corp,SGMS
One Stop Systems Inc,OSS
Phillips 66,PSX
Huron Consulting Group Inc,HURN
ProPetro Holding Corp,PUMP
Gilead Sciences Inc,GILD
Walt Disney Co,DIS
Arthur J Gallagher & Co,AJG
Beyond Meat Inc,BYND
Stamps.Com Inc,STMP
Humana Inc,HUM
Capstone Green Energy Corp,CGRN
Houlihan Lokey Inc,HLI
BorgWarner Inc,BWA
Healthcare Realty Trust Inc,HR
Dover Corp,DOV
Maxar Technologies Inc,MAXR
AcelRx Pharmaceuticals Inc,ACRX
BG Staffing Inc,BGSF
Livent Corp,LTHM
Enova International Inc,ENVA
MEI Pharma Inc,MEIP
Insulet Corp,PODD
Murphy Usa Inc,MUSA
Philip Morris International Inc,PM
Sportsmans Warehouse Holdings Inc,SPWH
Chipotle Mexican Grill Inc,CMG
Evoqua Water Technologies Corp,AQUA
Nordson Corp,NDSN
Cathay General Bancorp,CATY
Aytu BioScience Inc,AYTU
Harte Hanks Inc,HHS
Harte Hanks Inc,HRTH
Concrete Pumping Holdings Inc,BBCP
Talos Energy Inc,TALO
Copart Inc,CPRT
Revance Therapeutics Inc,RVNC
Greenlane Holdings Inc,GNLN
Shell Midstream Partners LP,SHLX
Jones Lang LaSalle Inc,JLL
Rambus Inc,RMBS
Green Dot Corp,GDOT
Quantum Corp,QMCO
NuVasive Inc,NUVA
Houghton Mifflin Harcourt Co,HMHC
Northeast Bank,NBN
Sonoco Products Co,SON
Hamilton Thorne Ltd,HTL
SeaSpine Holdings Corp,SPNE
Fossil Group Inc,FOSL
Amphastar Pharmaceuticals Inc,AMPH
Vista Gold Corp,VGZ
HNI Corp,HNI
Francesca's Holdings Corp,FRAN
Floor & Decor Holdings Inc,FND
Green Thumb Industries Inc,GTII
Xenia Hotels & Resorts Inc,XHR
California Water Service Group,CWT
Staffing 360 Solutions Inc,STAF
Sunoco LP,SUN
Luther Burbank Corp,LBC
Patterson Companies Inc,PDCO
Goodyear Tire & Rubber Co,GT
OpGen Inc,OPGN
Jabil Inc,JBL
L3Harris Technologies Inc,LHX
Unifi Inc,UFI
Omega Healthcare Investors Inc,OHI
MGM Resorts International,MGM
PFSweb Inc,PFSW
ANSYS Inc,ANSS
Information Services Group Inc,III
Sprouts Farmers Market Inc,SFM
Axalta Coating Systems Ltd,AXTA
Manitex International Inc,MNTX
Netflix Inc,NFLX
TravelCenters of America LLC,TA
NAPCO Security Technologies Inc,NSSC
Strongbridge Biopharma plc,SBBP
Hostess Brands Inc,TWNK
Freeport-McMoRan Inc,FCX
Varex Imaging Corp,VREX
IDEXX Laboratories Inc,IDXX
Patriot Transportation Holding Inc,PATI
Oaktree Specialty Lending Corp,OCSL
Rli Corp,RLI
Lear Corp,LEA
Axa Equitable Holdings Inc,EQH
MetLife Inc,MET
SmartFinancial Inc,SMBK
IAA Inc,IAA
Arista Networks Inc,ANET
OUTFRONT Media Inc,OUT
Computer Task Group Inc,CTG
Saratoga Investment Corp,SAR
Western Union Co,WU
Donegal Group Inc,DGICA
Pacific Biosciences of California Inc,PACB
Trinseo SA,TSE
Essential Properties Realty Trust Inc,EPRT
Premier Inc,PINC
Coty Inc,COTY
Zumiez Inc,ZUMZ
WidePoint Corp,WYY
SYNNEX Corp,SNX
Royal Caribbean Cruises Ltd,RCL
Rollins Inc,ROL
Ryder System Inc,R
GMS Inc,GMS
Simon Property Group Inc,SPG
Portland General Electric Co,POR
Orion Group Holdings Inc,ORN
Eagle Point Credit Company Inc,ECC
CVB Financial Corp,CVBF
West Pharmaceutical Services Inc,WST
Simpson Manufacturing Co Inc,SSD
Global Net Lease Inc,GNL
Veritiv Corp,VRTV
Streamline Health Solutions Inc,STRM
Illumina Inc,ILMN
AZZ Inc,AZZ
Kennametal Inc,KMT
Realogy Holdings Corp,RLGY
Hilltop Holdings Inc,HTH
Crexendo Inc,CXDO
Evolution Petroleum Corp,EPM
Honeywell International Inc,HON
Nektar Therapeutics,NKTR
Bandwidth Inc,BAND
Gaming Innovation Group Inc,GIG
American Homes 4 Rent,AMH
Gevo Inc,GEVO
Manning & Napier Inc,MN
Eastern Bankshares Inc,EBC
Vuzix Corp,VUZI
Otonomy Inc,OTIC
Tivity Health Inc,TVTY
AudioEye Inc,AEYE
Phreesia Inc,PHR
United Parcel Service Inc,UPS
Kforce Inc,KFRC
Novanta Inc,NOVT
Costco Wholesale Corp,COST
Herman Miller Inc,MLHR
Lincoln Electric Holdings Inc,LECO
1Life Healthcare Inc,ONEM
Corning Inc,GLW
Vail Resorts Inc,MTN
Nexpoint Real Estate Finance Inc,NREF
Simply Good Foods Co,SMPL
Hemisphere Media Group Inc,HMTV
Pool Corp,POOL
Summit Wireless Technologies Inc,WISA
Ark Restaurants Corp,ARKR
Boxlight Corp,BOXL
Danaher Corp,DHR
Element Solutions Inc,ESI
Tenneco Inc,TEN
Flexsteel Industries Inc,FLXS
Essex Property Trust Inc,ESS
Atara Biotherapeutics Inc,ATRA
Wesco International Inc,WCC
NexPoint Residential Trust Inc,NXRT
PRA Group Inc,PRAA
GameStop Corp,GME
Where Food Comes From Inc,WFCF
Certara Inc,CERT
Hamilton Beach Brands Holding Co,HBB
Apple Hospitality REIT Inc,APLE
Express Inc,EXPR
Camping World Holdings Inc,CWH
Haemonetics Corp,HAE
MTS Systems Corp,MTSC
Uniti Group Inc,UNIT
Nexteer Automotive Group Ltd,1316
AgroFresh Solutions Inc,AGFS
Albemarle Corp,ALB
National Vision Holdings Inc,EYE
General Motors Financial Company Inc,ACF
Walker & Dunlop Inc,WD
VOXX International Corp,VOXX
Vistra Energy Corp,VST
Acushnet Holdings Corp,GOLF
Blueknight Energy Partners LP,BKEP
Horace Mann Educators Corp,HMN
Educational Development Corp,EDUC
Liberty Oilfield Services Inc,LBRT
Vertex Energy Inc,VTNR
B&G Foods Inc,BGS
Merit Medical Systems Inc,MMSI
Black Hills Corp,BKH
Superior Drilling Products Inc,SDPI
Trex Company Inc,TREX
Mitcham Industries Inc,MIND
Regenxbio Inc,RGNX
Match Group Inc,MTCH
Pilgrims Pride Corp,PPC
Fulton Financial Corp,FULT
CenterPoint Energy Inc,CNP
MSA Safety Inc,MSA
StepStone Group Inc,STEP
Cohen & Steers Inc,CNS
Radian Group Inc,RDN
Qorvo Inc,QRVO
VAALCO Energy Inc,EGY
Keysight Technologies Inc,KEYS
Aquestive Therapeutics Inc,AQST
Livexlive Media Inc,LIVX
Brighthouse Financial Inc,BHF
Lydall Inc,LDL
Corteva Inc,CTVA
United Natural Foods Inc,UNFI
Acuity Brands Inc,AYI
iRobot Corp,IRBT
GCP Applied Technologies Inc,GCP
Travel + Leisure Co,TNL
PetIQ Inc,PETQ
Waste Management Inc,WM
Cowen Inc,COWN
Cerner Corp,CERN
Luna Innovations Inc,LUNA
PTC Inc,PTC
Rand Capital Corp,RAND
Schlumberger NV,SLB
American Public Education Inc,APEI
HomeStreet Inc,HMST
Olo Inc,OLO
Radius Health Inc,RDUS
Apollo Investment Corp,AINV
OptiNose Inc,OPTN
Altigen Communications Inc,ATGN
SunCoke Energy Inc,SXC
Hci Group Inc,HCI
Heritage Financial Corp,HFWA
Velodyne Lidar Inc,VLDR
Caseys General Stores Inc,CASY
Pros Holdings Inc,PRO
Aveanna Healthcare Holdings Inc,AVAH
CytomX Therapeutics Inc,CTMX
Heartland Financial USA Inc,HTLF
Autoweb Inc,AUTO
Duluth Holdings Inc,DLTH
Lamb Weston Holdings Inc,LW
First Solar Inc,FSLR
Corvus Pharmaceuticals Inc,CRVS
Altabancorp,ALTA
Lindblad Expeditions Holdings Inc,LIND
Innovative Industrial Properties Inc,IIPR
Federal Agricultural Mortgage Corp,AGM
Vicor Corp,VICR
Black Stone Minerals LP,BSM
Sachem Capital Corp,SACH
Pacific Ethanol Inc,PEIX
Monro Inc,MNRO
Chromadex Corp,CDXC
Ichor Holdings Ltd,ICHR
Eastman Kodak Co,KODK
Palatin Technologies Inc,PTN
PlayAGS Inc,AGS
P&F Industries Inc,PFIN
Colony Capital Inc,CLNY
Trinity Industries Inc,TRN
Medicine Man Technologies Inc,SHWZ
Tactile Systems Technology Inc,TCMD
Penumbra Inc,PEN
AES Corp,AES
Krispy Kreme Inc,DNUT
Harvest Capital Credit Corp,HCAP
Zynex Inc,ZYXI
U.S. Physical Therapy Inc,USPH
Boeing Co,BA
Old Republic International Corp,ORI
Sealed Air Corp,SEE
AAR Corp,AIR
Alexandria Real Estate Equities Inc,ARE
Joint Corp,JYNT
CDW Corp,CDW
Agiliti Inc,AGTI
Dollar Tree Inc,DLTR
Antares Pharma Inc,ATRS
Meta Financial Group Inc,CASH
Molson Coors Brewing Co,TAP
Brady Corp,BRC
Ibio Inc,IBIO
Hercules Capital Inc,HTGC
Blueprint Medicines Corp,BPMC
Brown & Brown Inc,BRO
Gentex Corp,GNTX
Ibex Ltd,IBEX
Conmed Corp,CNMD
Casa Systems Inc,CASA
Thermo Fisher Scientific Inc,TMO
Great Ajax Corp,AJX
American Vanguard Corp,AVD
Valvoline Inc,VVV
Solar Capital Ltd,SLRC
Regions Financial Corp,RF
Select Medical Holdings Corp,SEM
Amgen Inc,AMGN
10X Genomics Inc,TXG
Arcadia Biosciences Inc,RKDA
Cerence Inc,CRNC
Cornerstone OnDemand Inc,CSOD
Turning Point Brands Inc,TPB
Terminix Global Holdings Inc,TMX
Deciphera Pharmaceuticals Inc,DCPH
Plus Products Inc,PLUS
Modine Manufacturing Co,MOD
W. R. Grace & Co,GRA
Community Healthcare Trust Inc,CHCT
Biocept Inc,BIOC
S&W Seed Co,SANW
Achieve Life Sciences Inc,ACHV
Clover Health Investments Corp,CLOV
Discover Financial Services,DFS
Rexford Industrial Realty Inc,REXR
Lyft Inc,LYFT
Caesars Entertainment Corp,CZR
Cantaloupe Inc,CTLP
Greenhill & Co Inc,GHL
Sunstone Hotel Investors Inc,SHO
Kraft Heinz Co,KHC
Volt Information Sciences Inc,VOLT
Volt Information Sciences Inc,
Paratek Pharmaceuticals Inc,PRTK
Graham Corp,GHM
Archrock Inc,AROC
Mettler-Toledo International Inc,MTD
VSE Corp,VSEC
Frontier Communications Corp,FTRCQ
JAKKS Pacific Inc,JAKK
Owens & Minor Inc,OMI
Mondelez International Inc,MDLZ
Delta Apparel Inc,DLA
SiteOne Landscape Supply Inc,SITE
GTX Inc,ONCT
American Finance Trust Inc,AFIN
Pixelworks Inc,PXLW
Innospec Inc,IOSP
Netlist Inc,NLST
Apria Inc,APR
Amyris Inc,AMRS
Senestech Inc,SNES
Ocean Power Technologies Inc,OPTT
Proto Labs Inc,PRLB
SharpSpring Inc,SHSP
PDS Biotechnology Corp,PDSB
Gogo Inc,GOGO
Ally Financial Inc,ALLY
ICU Medical Inc,ICUI
Westinghouse Air Brake Technologies Corp,WAB
TJX Companies Inc,TJX
Independence Contract Drilling Inc,ICD
Fleetcor Technologies Inc,FLT
Gaia Inc,GAIA
Cognex Corp,CGNX
Bioventus Inc,BVS
Newmark Group Inc,NMRK
RCI Hospitality Holdings Inc,RICK
Westlake Chemical Corp,WLK
Marinus Pharmaceuticals Inc,MRNS
NOW Inc,DNOW
Arlo Technologies Inc,ARLO
Group 1 Automotive Inc,GPI
Autodesk Inc,ADSK
Vista Outdoor Inc,VSTO
Startek Inc,SRT
RMR Group Inc,RMR
HollyFrontier Corp,HFC
Cadence Design Systems Inc,CDNS
Materion Corp,MTRN
Petmed Express Inc,PETS
Eastside Distilling Inc,EAST
Cornerstone Building Brands Inc,CNR
SB Financial Group Inc,SBFG
Murphy Oil Corp,MUR
Chuy's Holdings Inc,CHUY
Iveric Bio Inc,ISEE
Ionis Pharmaceuticals Inc,IONS
Wingstop Inc,WING
Pieris Pharmaceuticals Inc,PIRS
Evofem Biosciences Inc,EVFM
Sims Metal Management Ltd,SGM
Guess? Inc,GES
SkyWest Inc,SKYW
Broadridge Financial Solutions Inc,BR
Rayonier Inc,RYN
Outset Medical Inc,OM
Carrols Restaurant Group Inc,TAST
Astronics Corp,ATRO
Clever Leaves Holdings Inc,CLVR
Retrophin Inc,RTRX
Twin River Worldwide Holdings Inc,TRWH
MGP Ingredients Inc,MGPI
Extra Space Storage Inc,EXR
Novelis Inc,NVL
Abeona Therapeutics Inc,ABEO
Owens-Illinois Inc,OI
Santander Consumer USA Holdings Inc,SC
TRI Pointe Group Inc,TPH
Regal Beloit Corp,RBC
Spire Inc,SR
Groupon Inc,GRPN
Semler Scientific Inc,SMLR
Hyatt Hotels Corp,H
RealNetworks Inc,RNWK
Stratasys Ltd,SSYS
VF Corp,VFC
Sykes Enterprises Inc,SYKE
TriMas Corp,TRS
MTBC Inc,MTBC
Healthcare Services Group Inc,HCSG
Goosehead Insurance Inc,GSHD
Terex Corp,TEX
Great Lakes Dredge & Dock Corp,GLDD
Jaguar Health Inc,JAGX
Reliant Bancorp Inc,RBNC
Grid Dynamics Holdings Inc,GDYN
National Health Investors Inc,NHI
Arcosa Inc,ACA
American Software Inc,AMSWA
American Renal Associates Holdings Inc,ARA
Ares Commercial Real Estate Corp,ACRE
PVH Corp,PVH
International Paper Co,IP
Great Elm Group Inc,GEG
Teradata Corp,TDC
Omnicom Group Inc,OMC
"Y-mAbs Therapeutics, Inc",YMAB
Genesco Inc,GCO
Ultragenyx Pharmaceutical Inc,RARE
NeuroMetrix Inc,NURO
IDEX Corp,IEX
Alnylam Pharmaceuticals Inc,ALNY
Flowers Foods Inc,FLO
Crossfirst Bankshares Inc,CFB
Getty Realty Corp,GTY
LifeVantage Corp,LFVN
Allegheny Technologies Inc,ATI
OGE Energy Corp,OGE
Coherent Inc,COHR
Forrester Research Inc,FORR
Atlantic Union Bankshares Corp,AUB
Revolve Group Inc,RVLV
SunPower Corp,SPWR
Square Inc,SQ
WEX Inc,WEX
First Republic Bank,FRC
PepsiCo Inc,PEP
U.S. Global Investors Inc,GROW
Silicon Laboratories Inc,SLAB
Peoples Bancorp Inc,PEBO
Star Equity Holdings Inc,STRR
SAGE Therapeutics Inc,SAGE
Epizyme Inc,EPZM
New Age Beverages Corp,NBEV
Kala Pharmaceuticals Inc,KALA
Movado Group Inc,MOV
Red Robin Gourmet Burgers Inc,RRGB
Cintas Corp,CTAS
CDK Global Inc,CDK
Axon Enterprise Inc,AAXN
Axon Enterprise Inc,AXON
Cousins Properties Inc,CUZ
Viavi Solutions Inc,VIAV
Cracker Barrel Old Country Store Inc,CBRL
NeoPhotonics Corp,NPTN
CSP Inc,CSPI
Booking Holdings Inc,BKNG
FedEx Corp,FDX
Inter Parfums Inc,IPAR
First Interstate BancSystem Inc,FIBK
Avid Technology Inc,AVID
Jounce Therapeutics Inc,JNCE
Oaktree Strategic Income Corporation,OCSI
MoneyGram International Inc,MGI
Zendesk Inc,ZEN
First Hawaiian Inc,FHB
ATN International Inc,ATNI
Zogenix Inc,ZGNX
Equity LifeStyle Properties Inc,ELS
Blonder Tongue Laboratories Inc,BDR
Taylor Morrison Home Corp,TMHC
Origin Bancorp Inc,OBNK
KBR Inc,KBR
Farmland Partners Inc,FPI
Lawson Products Inc,LAWS
World Wrestling Entertainment Inc,WWE
TCF Financial Corp,TCF
Newell Brands Inc,NWL
DHI Group Inc,DHX
Jerash Holdings (US) Inc,JRSH
Wynn Resorts Ltd,WYNN
Papa John's International Inc,PZZA
Four Corners Property Trust Inc,FCPT
Gibraltar Industries Inc,ROCK
ARC Document Solutions Inc,ARC
Myomo Inc,MYO
CONSOL Energy Inc,CEIX
Hersha Hospitality Trust,HT
Balchem Corp,BCPC
Bristol-Myers Squibb Co,BMY
Raytheon Technologies Corp,RTX
Columbia Banking System Inc,COLB
ServisFirst Bancshares Inc,SFBS
eMagin Corp,EMAN
Marcus Corp,MCS
Booz Allen Hamilton Holding Corp,BAH
Laird Superfood Inc,LSF
KAR Auction Services Inc,KAR
Inuvo Inc,INUV
Healthcare Trust Of America Inc,HTA
Research Frontiers Inc,REFR
Comerica Inc,CMA
Gladstone Land Corp,LAND
Conagra Brands Inc,CAG
CSW Industrials Inc,CSWI
Newmont Goldcorp Corp,NEM
AMC Networks Inc,AMCX
Analog Devices Inc,ADI
PPG Industries Inc,PPG
Innodata Inc,INOD
Upwork Inc,UPWK
Unisys Corp,UIS
Braemar Hotel & Resorts Inc,BHR
Corcept Therapeutics Inc,CORT
Goodrx Holdings Inc,GDRX
Alarm.com Holdings Inc,ALRM
Berry Global Group Inc,BERY
Duke Energy Corp,DUK
Post Holdings Inc,POST
Ceridian HCM Holding Inc,CDAY
Agjunction Inc,AJX
Home Depot Inc,HD
Katapult Holdings Inc,KPLT
Palantir Technologies Inc,PLTR
iRhythm Technologies Inc,IRTC
Medifast Inc,MED
Eagle Bulk Shipping Inc,EGLE
Kirkland's Inc,KIRK
OTC Markets Group Inc,OTCM
Puma Biotechnology Inc,PBYI
Wayside Technology Group Inc,WSTG
ServiceNow Inc,NOW
Switch Inc,SWCH
Zions Bancorporation NA,ZION
Flux Power Holdings Inc,FLUX
Zoetis Inc,ZTS
Power Integrations Inc,POWI
Dentsply Sirona Inc,XRAY
Sterling Bancorp Inc,SBT
Silgan Holdings Inc,SLGN
Aziyo Biologics Inc,AZYO
DISH Network Corp,DISH
Spectrum Brands Holdings Inc,SPB
Advanced Micro Devices Inc,AMD
Grocery Outlet Holding Corp,GO
First Financial Bancorp,FFBC
Liberty Media Corp,FWONA
Idacorp Inc,IDA
Northwest Pipe Co,NWPX
Energizer Holdings Inc,ENR
Harmonic Inc,HLIT
AGNC Investment Corp,AGNC
Goldfield Corp,GV
Goldfield Corp,
Usio Inc,USIO
Camden Property Trust,CPT
First Midwest Bancorp Inc,FMBI
Enphase Energy Inc,ENPH
Synlogic Inc,SYBX
Life Time Group Holdings Inc,LTH
Hudson Pacific Properties Inc,HPP
AXT Inc,AXTI
Marcus & Millichap Inc,MMI
Resonant Inc,RESN
WEC Energy Group Inc,WEC
Washington Trust Bancorp Inc,WASH
FMC Corp,FMC
Apple Inc,AAPL
Empire State Realty Trust Inc,ESRT
VICI Properties Inc,VICI
National Instruments Corp,NATI
Ferro Corp,FOE
Verisk Analytics Inc,VRSK
LTC Properties Inc,LTC
Uber Technologies Inc,UBER
Lam Research Corp,LRCX
Ollie's Bargain Outlet Holdings Inc,OLLI
Spirit Airlines Inc,SAVE
eHealth Inc,EHTH
Vislink Technologies Inc,VISL
Neenah Inc,NP
Lions Gate Entertainment Corp,LGF.A
DexCom Inc,DXCM
FS KKR Capital Corp,FSK
iMedia Brands Inc,IMBI
CVD Equipment Corp,CVV
II-VI Inc,IIVI
EnPro Industries Inc,NPO
Driven Brands Holdings Inc,DRVN
Stoneridge Inc,SRI
Box Inc,BOX
Toro Co,TTC
Altair Engineering Inc,ALTR
Gap Inc,GPS
Nine Energy Service Inc,NINE
RingCentral Inc,RNG
Capital One Financial Corp,COF
Fidus Investment Corp,FDUS
Cboe Global Markets Inc,CBOE
Bank of America Corp,BAC
NBT Bancorp Inc,NBTB
Healthpeak Properties Inc,PEAK
Intersect Ent Inc,XENT
Milestone Scientific Inc,MLSS
SPX FLOW Inc,FLOW
Valero Energy Corp,VLO
Mersana Therapeutics Inc,MRSN
Sysco Corp,SYY
Seattle Genetics Inc,SGEN
Crown Holdings Inc,CCK
Five Below Inc,FIVE
Charter Communications Inc,CHTR
Ranpak Holdings Corp,PACK
Yext Inc,YEXT
McCormick & Company Inc,MKC
Superior Group of Companies Inc,SGC
BioDelivery Sciences International Inc,BDSI
Ideanomics Inc,IDEX
Rent-A-Center Inc,RCII
Standard Motor Products Inc,SMP
KKR Real Estate Finance Trust Inc,KREF
Tesla Inc,TSLA
Oxford Industries Inc,OXM
New York Mortgage Trust Inc,NYMT
Kopin Corp,KOPN
Alliance Data Systems Corp,ADS
Avanos Medical Inc,AVNS
US Auto Parts Network Inc,PRTS
Atlas Air Worldwide Holdings Inc,AAWW
HyreCar Inc,HYRE
Federal Signal Corp,FSS
SpartanNash Co,SPTN
Americold Realty Trust,COLD
NanoString Technologies Inc,NSTG
Cardlytics Inc,CDLX
WD-40 Co,WDFC
Best Buy Co Inc,BBY
Hasbro Inc,HAS
Squarespace Inc,SQSP
Ampio Pharmaceuticals Inc,AMPE
Boston Properties Inc,BXP
Brunswick Corp,BC
National Bank Holdings Corp,NBHC
Barnes & Noble Education Inc,BNED
Adverum Biotechnologies Inc,ADVM
Carter's Inc,CRI
Pactiv Evergreen Inc,PTVE
Biohaven Pharmaceutical Holding Company Ltd,BHVN
ACM Research Inc,ACMR
Resideo Technologies Inc,REZI
Micron Technology Inc,MU
Tyler Technologies Inc,TYL
Moody's Corp,MCO
Clean Energy Fuels Corp,CLNE
Mueller Water Products Inc,MWA
8x8 Inc,EGHT
Host Hotels & Resorts Inc,HST
Workday Inc,WDAY
Bed Bath & Beyond Inc,BBBY
Curtiss-Wright Corp,CW
Corsair Gaming Inc,CRSR
BioTelemetry Inc,BEAT
Neos Therapeutics Inc,NEOS
Tanger Factory Outlet Centers Inc,SKT
Membership Collective Group Inc,MCG
Glacier Bancorp Inc,GBCI
Whole Earth Brands Inc,FREE
Lightbridge Corp,LTBR
Capstead Mortgage Corp,CMO
Exact Sciences Corp,EXAS
Barings BDC Inc,BBDC
Plains All American Pipeline LP,PAA
MGIC Investment Corp,MTG
Stitch Fix Inc,SFIX
Duck Creek Technologies Inc,DCT
Charah Solutions Inc,CHRA
Fastly Inc,FSLY
Celanese Corp,CE
Douglas Dynamics Inc,PLOW
Fluor Corp,FLR
Cheesecake Factory Inc,CAKE
AVITA Medical Inc,RCEL
Menlo Therapeutics Inc,MNLO
Casper Sleep Inc,CSPR
South State Corp,SSB
Polaris Industries Inc,PII
FBL Financial Group Inc,FFG
Dynex Capital Inc,DX
Entegris Inc,ENTG
DMC Global Inc,BOOM
Teledyne Technologies Inc,TDY
Ligand Pharmaceuticals Inc,LGND
Destination XL Group Inc,DXLG
Cedar Realty Trust Inc,CDR
FreightCar America Inc,RAIL
OneWater Marine Inc,ONEW
Intercept Pharmaceuticals Inc,ICPT
2U Inc,TWOU
ADTRAN Inc,ADTN
ESCO Technologies Inc,ESE
Univar Inc,UNVR
Evercore Inc,EVR
Gartner Inc,IT
Cue Biopharma Inc,CUE
Neuropace Inc,NPCE
Triumph Group Inc,TGI
CBIZ Inc,CBZ
Arch Coal Inc,ARCH
ViacomCBS Inc,VIAC
First Advantage Corp,FA
Brixmor Property Group Inc,BRX
WSFS Financial Corp,WSFS
Vivint Smart Home Inc,VVNT
Merck & Co Inc,MRK
New York Times Co,NYT
Atomera Inc,ATOM
Progressive Corp,PGR
Brown-Forman Corp,BF.B
Univision Communications Inc,UVN
Gray Television Inc,GTN
Universal Forest Products Inc,UFPI
MongoDB Inc,MDB
Daseke Inc,DSKE
DermTech Inc,DMTK
Trean Insurance Group Inc,TIG
UMH Properties Inc,UMH
Kura Oncology Inc,KURA
Skyworks Solutions Inc,SWKS
Echo Global Logistics Inc,ECHO
Flexion Therapeutics Inc,FLXN
Netscout Systems Inc,NTCT
Fidelity National Information Services Inc,FIS
Plymouth Industrial REIT Inc,PLYM
Aveo Pharmaceuticals Inc,AVEO
Blackstone Group LP,BX
ABM Industries Inc,ABM
Brightview Holdings Inc,BV
Axsome Therapeutics Inc,AXSM
Asbury Automotive Group Inc,ABG
Denny's Corp,DENN
Acutus Medical Inc,AFIB
MacroGenics Inc,MGNX
Audacy Inc,AUD
Agios Pharmaceuticals Inc,AGIO
Alcoa Corp,AA
Crestwood Equity Partners LP,CEQP
Commvault Systems Inc,CVLT
Sonic Automotive Inc,SAH
HB Fuller Co,FUL
Landstar System Inc,LSTR
HP Inc,HPQ
Sunrun Inc,RUN
e.l.f. Beauty Inc,ELF
Cullen/Frost Bankers Inc,CFR
Marriott International Inc,MAR
22nd Century Group Inc,XXII
Amerant Bancorp Inc,AMTB
Calumet Specialty Products Partners LP,CLMT
A10 Networks Inc,ATEN
Valley National Bancorp,VLY
Progenity Inc,PROG
Heron Therapeutics Inc,HRTX
ITT Inc,ITT
Meritage Homes Corp,MTH
Potbelly Corp,PBPB
Anaplan Inc,PLAN
CRA International Inc,CRAI
Travere Therapeutics Inc,TVTX
Syros Pharmaceuticals Inc,SYRS
Great Elm Capital Corp,GECC
Fifth Third Bancorp,FITB
Celsius Holdings Inc,CELH
Aimmune Therapeutics Inc,AIMT
GoDaddy Inc,GDDY
Boise Cascade Co,BCC
Investors Bancorp Inc,ISBC
Twilio Inc,TWLO
Vital Farms Inc,VITL
Alico Inc,ALCO
Brightcove Inc,BCOV
TopBuild Corp,BLD
Envista Holdings Corp,NVST
Corporate Office Properties Trust,OFC
Clean Harbors Inc,CLH
EMCOR Group Inc,EME
Altra Industrial Motion Corp,AIMC
SmileDirectClub Inc,SDC
Qualcomm Inc,QCOM
ViewRay Inc,VRAY
Intel Corp,INTC
Plby Group Inc,PLBY
Teladoc Health Inc,TDOC
Advanced Energy Industries Inc,AEIS
Chewy Inc,CHWY
Synacor Inc,SYNC
Steven Madden Ltd,SHOO
Bright Horizons Family Solutions Inc,BFAM
Heska Corp,HSKA
Werner Enterprises Inc,WERN
Par Pacific Holdings Inc,PARR
CSG Systems International Inc,CSGS
Stifel Financial Corp,SF
ASGN Inc,ASGN
Osmotica Pharmaceuticals PLC,OSMT
Unique Fabricating Inc,UFAB
ConnectOne Bancorp Inc,CNOB
Juniper Networks Inc,JNPR
Alphabet Inc,GOOGL
Synchronoss Technologies Inc,SNCR
Amicus Therapeutics Inc,FOLD
Matador Resources Co,MTDR
Cisco Systems Inc,CSCO
Akumin Inc,AKU.U
Akumin Inc,AKU
Ooma Inc,OOMA
Zurn Water Solutions Corp,ZWS
Provention Bio Inc,PRVB
Clearwater Paper Corp,CLW
Advanced Drainage Systems Inc,WMS
Cabot Microelectronics Corp,CCMP
DXC Technology Co,DXC
A. O. Smith Corp,AOS
Castle Biosciences Inc,CSTL
Plus Therapeutics Inc,PSTV
Cara Therapeutics Inc,CARA
Macquarie Infrastructure Corp,MIC
ADT Inc,ADT
Nextier Oilfield Solutions Inc,NEX
Crocs Inc,CROX
Zedge Inc,ZDGE
Otis Worldwide Corp,OTIS
SP Plus Corp,SP
American Express Co,AXP
Limbach Holdings Inc,LMB
Customers Bancorp Inc,CUBI
SolarWinds Corp,SWI
Timken Co,TKR
Sun Communities Inc,SUI
East West Bancorp Inc,EWBC
Cable ONE Inc,CABO
Wolverine World Wide Inc,WWW
GWG Holdings Inc,GWGH
United Rentals Inc,URI
Packaging Corp of America,PKG
Bloom Energy Corp,BE
Diversey Holdings Ltd,DSEY
Kratos Defense and Security Solutions Inc,KTOS
Global Medical REIT Inc,GMRE
XPO Logistics Inc,XPO
Amedisys Inc,AMED
Darden Restaurants Inc,DRI
Amkor Technology Inc,AMKR
CEVA Inc,CEVA
Signature Bank,SBNY
Invacare Corp,IVC
Southern Missouri Bancorp Inc,SMBC
Clorox Co,CLX
WideOpenWest Inc,WOW
Nordstrom Inc,JWN
Fidelity National Financial Inc,FNF
H & R Block Inc,HRB
G-III Apparel Group Ltd,GIII
Parker-Hannifin Corp,PH
Weingarten Realty Investors,WRI
Twist Bioscience Corp,TWST
Winnebago Industries Inc,WGO
MKS Instruments Inc,MKSI
Limelight Networks Inc,LLNW
Investors Real Estate Trust,IRET
Investors Real Estate Trust,CSR
Columbus McKinnon Corp,CMCO
Aramark,ARMK
Rimini Street Inc,RMNI
Performance Food Group Co,PFGC
WP Carey Inc,WPC
SVMK Inc,SVMK
Triumph Bancorp Inc,TBK
ClearSign Combustion Corp,CLIR
Kimbell Royalty Partners LP,KRP
Natera Inc,NTRA
Carlyle Group LP,CG
CTI Biopharma Corp,CTIC
ON Semiconductor Corp,ON
Churchill Downs Inc,CHDN
Sterling Construction Company Inc,STRL
TreeHouse Foods Inc,THS
Nielsen Holdings PLC,NLSN
Silvercrest Asset Management Group Inc,SAMG
Peloton Interactive Inc,PTON
Roper Technologies Inc,ROP
Columbia Property Trust Inc,CXP
Zoom Video Communications Inc,ZM
National Storage Affiliates Trust,NSA
Sotherly Hotels Inc,SOHO
Full House Resorts Inc,FLL
MACOM Technology Solutions Holdings Inc,MTSI
Macy's Inc,M
Advance Auto Parts Inc,AAP
F.N.B. Corp,FNB
Hibbett Sports Inc,HIBB
Park City Group Inc,PCYG
Varonis Systems Inc,VRNS
Dell Technologies Inc,DELL
Brinker International Inc,EAT
MarineMax Inc,HZO
Western Alliance Bancorp,WAL
Party City Holdco Inc,PRTY
Chart Industries Inc,GTLS
Tennant Co,TNC
Bumble Inc,BMBL
Smith & Wesson Brands Inc,SWBI
Ametek Inc,AME
Gladstone Commercial Corp,GOOD
KB Home,KBH
Newtek Business Services Corp,NEWT
Kingstone Companies Inc,KINS
Personalis Inc,PSNL
Las Vegas Sands Corp,LVS
Caterpillar Inc,CAT
Beacon Roofing Supply Inc,BECN
Zscaler Inc,ZS
Seacoast Banking Corporation of Florida,SBCF
Weber Inc,WEBR
Williams Companies Inc,WMB
Corelogic Inc,CLGX
Aehr Test Systems,AEHR
American Electric Power Company Inc,AEP
Axonics Modulation Technologies Inc,AXNX
Ball Corp,BLL
Barnes Group Inc,B
McGrath RentCorp,MGRC
Exlservice Holdings Inc,EXLS
Southwest Airlines Co,LUV
Hess Corp,HES
Redwood Trust Inc,RWT
Paycor HCM Inc,PYCR
Allegro Microsystems Inc,ALGM
Plantronics Inc,PLT
Monmouth Real Estate Investment Corp,MNR
Tempur Sealy International Inc,TPX
BioXcel Therapeutics Inc,BTAI
Upland Software Inc,UPLD
FB Financial Corp,FBK
International Business Machines Corp,IBM
TrustCo Bank Corp N Y,TRST
Independence Realty Trust Inc,IRT
PLx Pharma Inc,PLXP
Xylem Inc,XYL
PennantPark Investment Corp,PNNT
JetBlue Airways Corp,JBLU
Sandy Spring Bancorp Inc,SASR
Forum Energy Technologies Inc,FET
Veeva Systems Inc,VEEV
PQ Group Holdings Inc,PQG
Alerus Financial Corp,ALRS
Clovis Oncology Inc,CLVS
Turtle Beach Corp,HEAR
Universal Logistics Holdings Inc,ULH
Virtu Financial Inc,VIRT
Transcat Inc,TRNS
Eagle Materials Inc,EXP
Joann Inc,JOAN
Neurocrine Biosciences Inc,NBIX
Chiasma Inc,CHMA
Etsy Inc,ETSY
S&P Global Inc,SPGI
Tractor Supply Co,TSCO
Keurig Dr Pepper Inc,KDP
HD Supply Holdings Inc,HDS
Jushi Holdings Inc,JUSH
Deckers Outdoor Corp,DECK
Kennedy-Wilson Holdings Inc,KW
Iovance Biotherapeutics Inc,IOVA
Summit Hotel Properties Inc,INN
Stanley Black & Decker Inc,SWK
Avery Dennison Corp,AVY
Ranger Energy Services Inc,RNGR
Paychex Inc,PAYX
Crowdstrike Holdings Inc,CRWD
Vulcan Materials Co,VMC
Extreme Networks Inc,EXTR
Photronics Inc,PLAB
ChannelAdvisor Corp,ECOM
UnitedHealth Group Inc,UNH
Vyne Therapeutics Inc,VYNE
Goodrich Petroleum Corp,GDP
First Western Financial Inc,MYFW
Brigham Minerals Inc,MNRL
Pluralsight Inc,PS
Ziprecruiter Inc,ZIP
Marsh & McLennan Companies Inc,MMC
Capital Southwest Corp,CSWC
Great Southern Bancorp Inc,GSBC
Vonage Holdings Corp,VG
Inotiv Inc,NOTV
Snap One Holdings Corp,SNPO
Granite Construction Inc,GVA
Meritor Inc,MTOR
Koppers Holdings Inc,KOP
Ulta Beauty Inc,ULTA
CommScope Holding Company Inc,COMM
FibroGen Inc,FGEN
Thoughtworks Holding Inc,TWKS
Charlotte's Web Holdings Inc,CWEB
Brinks Co,BCO
Maravai LifeSciences Holdings Inc,MRVI
Autozone Inc,AZO
Allegiance Bancshares Inc,ABTX
Snap Inc,SNAP
Dycom Industries Inc,DY
American Well Corp,AMWL
Broadcom Inc,AVGO
Iridium Communications Inc,IRDM
GrowGeneration Corp,GRWG
Carrier Global Corp,CARR
Lennar Corp,LEN
New York Community Bancorp Inc,NYCB
Datto Holding Corp,MSP
Workiva Inc,WK
Vertex Pharmaceuticals Inc,VRTX
Northern Trust Corp,NTRS
GreenSky Inc,GSKY
Ashford Inc,AINC
ViaSat Inc,VSAT
Cantel Medical Corp,CMD
Gohealth Inc,GOCO
Shake Shack Inc,SHAK
Automatic Data Processing Inc,ADP
Victory Capital Holdings Inc,VCTR
Rayonier Advanced Materials Inc,RYAM
TG Therapeutics Inc,TGTX
Limoneira Co,LMNR
Avaya Holdings Corp,AVYA
DocuSign Inc,DOCU
Chegg Inc,CHGG
TechTarget Inc,TTGT
Dine Brands Global Inc,DIN
A-Mark Precious Metals Inc,AMRK
HealthEquity Inc,HQY
Bryn Mawr Bank Corp,BMTC
Claros Mortgage Trust Inc,CMTG
Leggett & Platt Inc,LEG
Charles & Colvard Ltd,CTHR
BGC Partners Inc,BGCP
Ares Management Corp,ARES
LiveOne Inc,LVO
Louisiana-Pacific Corp,LPX
Union Pacific Corp,UNP
Bright Health Group Inc,BHG
Synovus Financial Corp,SNV
International Money Express Inc,IMXI
Preferred Bank,PFBC
Carnival Corp,CCL
Marketaxess Holdings Inc,MKTX
Selecta Biosciences Inc,SELB
Target Corp,TGT
RLJ Lodging Trust,RLJ
JPMorgan Chase & Co,JPM
Natural Grocers By Vitamin Cottage Inc,NGVC
Chevron Corp,CVX
Agilysys Inc,AGYS
KLA-Tencor Corp,KLAC
SCYNEXIS Inc,SCYX
Marathon Petroleum Corp,MPC
J B Hunt Transport Services Inc,JBHT
nCino Inc,NCNO
Alteryx Inc,AYX
AeroVironment Inc,AVAV
Evolent Health Inc,EVH
Canoo Inc,GOEV
Splunk Inc,SPLK
NETGEAR Inc,NTGR
Renewable Energy Group Inc,REGI
Range Resources Corp,RRC
Seres Therapeutics Inc,MCRB
American Eagle Outfitters Inc,AEO
Boston Private Financial Holdings Inc,BPFH
Summit Materials Inc,SUM
Palo Alto Networks Inc,PANW
Air Transport Services Group Inc,ATSG
World Acceptance Corp,WRLD
Smartsheet Inc,SMAR
Medmen Enterprises Inc,MMEN
OneMain Holdings Inc,OMF
Antero Resources Corp,AR
Ocular Therapeutix Inc,OCUL
State Street Corp,STT
ALLETE Inc,ALE
Xponential Fitness Inc,XPOF
Currency Exchange International Corp,CXI
Global Blood Therapeutics Inc,GBT
Crown Castle International Corp,CCI
Byline Bancorp Inc,BY
Big Lots Inc,BIG
Rockwell Automation Inc,ROK
Universal Display Corp,OLED
Texas Instruments Inc,TXN
Axcelis Technologies Inc,ACLS
Pinterest Inc,PINS
Continental Resources Inc,CLR
SandRidge Energy Inc,SD
First Internet Bancorp,INBK
CF Industries Holdings Inc,CF
Digimarc Corp,DMRC
KVH Industries Inc,KVHI
Equity Bancshares Inc,EQBK
Protech Home Medical Corp,PTQ
Golden Entertainment Inc,GDEN
Saga Communications Inc,SGA
Cadence Bancorp,CADE
Triplepoint Venture Growth BDC Corp,TPVG
KushCo Holdings Inc,KSHB
Misonix Inc,MSON
Monolithic Power Systems Inc,MPWR
EVO Payments Inc,EVOP
Spanish Broadcasting System Inc,SBSAA
Worthington Industries Inc,WOR
Consumer Portfolio Services Inc,CPSS
Fiserv Inc,FISV
Kaman Corp,KAMN
Shotspotter Inc,SSTI
Protective Insurance Corp,PTVCB
TPG Specialty Lending Inc,TSLX
Walmart Inc,WMT
United States Steel Corp,X
US Concrete Inc,USCR
E. W. Scripps Co,SSP
Wyndham Destinations Inc,WYND
Aspen Group Inc,ASPU
Airbnb Inc,ABNB
Enact Holdings Inc,ACT
NV5 Global Inc,NVEE
West Bancorporation Inc,WTBA
Fortress Transportation and Infrastructure Investors LLC,FTAI
DTE Energy Co,DTE
Mid-America Apartment Communities Inc,MAA
bluebird bio Inc,BLUE
eXp World Holdings Inc,EXPI
RPT Realty,RPT
Roku Inc,ROKU
Fastenal Co,FAST
Sinclair Broadcast Group Inc,SBGI
QuickLogic Corp,QUIK
Clarus Corp,CLAR
UMB Financial Corp,UMBF
Virtusa Corp,VRTU
Viant Technology Inc,DSP
Immunic Inc,IMUX
Cytokinetics Inc,CYTK
Targa Resources Corp,TRGP
Cheniere Energy Inc,LNG
OncoCyte Corp,OCX
Sherwin-Williams Co,SHW
Sotera Health Co,SHC
Carvana Co,CVNA
UDR Inc,UDR
BlackRock Inc,BLK
Simmons First National Corp,SFNC
Redfin Corp,RDFN
Malibu Boats Inc,MBUU
JELD-WEN Holding Inc,JELD
Blue Apron Holdings Inc,APRN
Intercontinental Exchange Inc,ICE
Pinnacle Financial Partners Inc,PNFP
Chicken Soup for The Soul Entertainment Inc,CSSE
Regency Centers Corp,REG
Nikola Corporation,NKLA
Acceleron Pharma Inc,XLRN
Amalgamated Bank,AMAL
Stereotaxis Inc,STXS
Fair Isaac Corp,FICO
Intevac Inc,IVAC
Compass Diversified Holdings,CODI
Alpha Metallurgical Resources Inc,AMR
Citizens Financial Group Inc,CFG
Cleveland-Cliffs Inc,CLF
AutoNation Inc,AN
Liveramp Holdings Inc,RAMP
Builders FirstSource Inc,BLDR
Arconic Inc,ARNC
Nucor Corp,NUE
Datadog Inc,DDOG
Lee Enterprises Inc,LEE
Hallador Energy Co,HNRG
Ping Identity Holding Corp,PING
TPC Group Inc,TPCG
SEMrush Holdings Inc,SEMR
FormFactor Inc,FORM
PBF Energy Inc,PBF
Rapid7 Inc,RPD
Trimble Inc,TRMB
America's CAR-MART Inc,CRMT
Lantronix Inc,LTRX
SailPoint Technologies Holdings Inc,SAIL
Sprout Social Inc,SPT
Onto Innovation Inc,ONTO
Digital Turbine Inc,APPS
CV Sciences Inc,CVSI
Albany International Corp,AIN
Innovative Solutions and Support Inc,ISSC
American Airlines Group Inc,AAL
Sangamo Therapeutics Inc,SGMO
Alto Ingredients Inc,ALTO
First Horizon National Corp,FHN
Overstock.com Inc,OSTK
Masco Corp,MAS
DSP Group Inc,DSPG
Old Second Bancorp Inc,OSBC
Paycom Software Inc,PAYC
Catasys Inc,CATS
PulteGroup Inc,PHM
Reed's Inc,REED
NorthWestern Corp,NWE
Aerie Pharmaceuticals Inc,AERI
Freshpet Inc,FRPT
TripAdvisor Inc,TRIP
AECOM,ACM
ThredUp Inc,TDUP
FLIR Systems Inc,FLIR
BioCryst Pharmaceuticals Inc,BCRX
Xerox Holdings Corp,XRX
Lockheed Martin Corp,LMT
"Bigcommerce Holdings, Inc.",BIGC
NXT-ID Inc,NXTD
Gossamer Bio Inc,GOSS
Robert Half International Inc,RHI
Forestar Group Inc,FOR
Focus Financial Partners Inc,FOCS
Applied Materials Inc,AMAT
Thryv Holdings Inc,THRY
ImmunoGen Inc,IMGN
Western Digital Corp,WDC
CME Group Inc,CME
Realty Income Corp,O
J M Smucker Co,SJM
Perficient Inc,PRFT
Sun Country Airlines Holdings Inc,SNCY
Fortinet Inc,FTNT
ArcBest Corp,ARCB
Myers Industries Inc,MYE
LendingTree Inc,TREE
PDF Solutions Inc,PDFS
Gaming and Leisure Properties Inc,GLPI
R1 RCM Inc,RCM
Zynga Inc,ZNGA
Pacific Premier Bancorp Inc,PPBI
Hope Bancorp Inc,HOPE
Allegiant Travel Co,ALGT
cbdMD Inc,YCBD
Verizon Communications Inc,VZ
Owens Corning,OC
Halozyme Therapeutics Inc,HALO
SL Green Realty Corp,SLG
Hydrofarm Holdings Group Inc,HYFM
Deere & Co,DE
Zix Corp,ZIXI
Graco Inc,GGG
Ashford Hospitality Trust Inc,AHT
Five Prime Therapeutics Inc,FPRX
Steelcase Inc,SCS
CSX Corp,CSX
Community Choice Financial Inc,
Global Water Resources Inc,GWRS
Sempra Energy,SRE
PROG Holdings Inc,PRG
Fluent Inc,FLNT
Generac Holdings Inc,GNRC
HubSpot Inc,HUBS
Park Hotels & Resorts Inc,PK
Re/Max Holdings Inc,RMAX
ConocoPhillips,COP
NetApp Inc,NTAP
Tetra Technologies Inc,TTI
Armstrong World Industries Inc,AWI
Repay Holdings Corp,RPAY
Bill.com Holdings Inc,BILL
Rush Enterprises Inc,RUSHA
Prophase Labs Inc,PRPH
M&T Bank Corp,MTB
Trulieve Cannabis Corp,TRUL
Clearpoint Neuro Inc,CLPT
Occidental Petroleum Corp,OXY
Wells Fargo & Co,WFC
Rackspace Technology Inc,RXT
Lantheus Holdings Inc,LNTH
OceanFirst Financial Corp,OCFC
EchoStar Corp,SATS
TTEC Holdings Inc,TTEC
T-Mobile US Inc,TMUS
Five Point Holdings LLC,FPH
Centurylink Inc,LUMN
Exxon Mobil Corp,XOM
Wendys Co,WEN
Invitation Homes Inc,INVH
Laredo Petroleum Inc,LPI
Discovery Inc,DISCA
ZoomInfo Technologies Inc,ZI
Madison Square Garden Entertainment Corp,MSGE
GoPro Inc,GPRO
Tetra Tech Inc,TTEK
Granite Point Mortgage Trust Inc,GPMT
AMC Entertainment Holdings Inc,AMC
USA Truck Inc,USAK
Northwest Natural Holding Co,NWN
Huntsman Corp,HUN
Atkore International Group Inc,ATKR
Kansas City Southern,KSU
j2 Global Inc,JCOM
Ford Motor Co,F
Clearway Energy Inc,CWEN.A
Allscripts Healthcare Solutions Inc,MDRX
Regal Rexnord Corp,RRX
Salesforce.Com Inc,CRM
Indus Holdings Inc,INDS
Archer Daniels Midland Co,ADM
Marrone Bio Innovations Inc,MBII
Republic Services Inc,RSG
Bank Ozk,OZK
Hecla Mining Co,HL
Akoya Biosciences Inc,AKYA
Artisan Partners Asset Management Inc,APAM
Owl Rock Capital Corp,ORCC
Frontier Group Holdings Inc,ULCC
Mastercard Inc,MA
Workhorse Group Inc,WKHS
Franklin Electric Co Inc,FELE
Summit Midstream Partners LP,SMLP
AvalonBay Communities Inc,AVB
PG&E Corp,PCG
Comstock Resources Inc,CRK
Anterix Inc,ATEX
Sema4 Holdings Corp,SMFR
Ducommun Inc,DCO
Ashland Global Holdings Inc,ASH
MEDNAX Inc,MD
Agree Realty Corp,ADC
Everi Holdings Inc,EVRI
Sumo Logic Inc,SUMO
Visa Inc,V
Dick's Sporting Goods Inc,DKS
Kilroy Realty Corp,KRC
Lulu's Fashion Lounge Holdings Inc,LVLU
Plug Power Inc,PLUG
BOK Financial Corp,BOKF
Bath & Body Works Inc,BBWI
Aaron's Inc,AAN
Bottomline Technologies (DE) Inc,EPAY
Denbury Inc,DEN
Extended Stay America Inc,STAY
Nexstar Media Group Inc,NXST
Strategic Education Inc,STRA
CNX Resources Corp,CNX
Asana Inc,ASAN
TRACON Pharmaceuticals Inc,TCON
Apellis Pharmaceuticals Inc,APLS
Central Pacific Financial Corp,CPF
Kimco Realty Corp,KIM
Umpqua Holdings Corp,UMPQ
Alkaline Water Company Inc,WTER
Ramaco Resources Inc,METC
Netstreit Corp,NTST
Rexnord Corp,RXN
Affiliated Managers Group Inc,AMG
At Home Group Inc,HOME
Medallia Inc,MDLA
Paccar Inc,PCAR
Eargo Inc,EAR
Interpace Diagnostics Group Inc,IDXG
Landmark Infrastructure Partners LP,LMRK
Annaly Capital Management Inc,NLY
Steel Dynamics Inc,STLD
Microchip Technology Inc,MCHP
Trade Desk Inc,TTD
Neoleukin Therapeutics Inc,NLTX
908 Devices Inc.,MASS
Scotts Miracle-Gro Co,SMG
Xperi Corp,XPER
Altice USA Inc,ATUS
Quotient Technology Inc,QUOT
PayPal Holdings Inc,PYPL
USA Compression Partners LP,USAC
Perspecta Inc,PRSP
Emerson Electric Co,EMR
Old National Bancorp,ONB
Apartment Investment and Management Co,AIV
Guidewire Software Inc,GWRE
Texas Capital Bancshares Inc,TCBI
Prudential Financial Inc,PRU
CyberOptics Corp,CYBE
Sesen Bio Inc,SESN
Yield10 Bioscience Inc,YTEN
Franklin Covey Co,FC
PDC Energy Inc,PDCE
First Foundation Inc,FFWM
Bank7 Corp,BSVN
SEI Investments Co,SEIC
Star Group LP,SGU
Blackbaud Inc,BLKB
Falcon Minerals Corp,FLMN
Super League Gaming Inc,SLGG
Douglas Emmett Inc,DEI
Dominion Energy Inc,D
Horizon Bancorp Inc,HBNC
Lumentum Holdings Inc,LITE
Montrose Environmental Group Inc,MEG
Root Inc,ROOT
Flywire Corp,FLYW
Voya Financial Inc,VOYA
Chemours Co,CC
Slack Technologies Inc,WORK
Dow Inc,DOW
Bridge Investment Group Holdings Inc,BRDG
Airsculpt Technologies Inc,AIRS
Coupa Software Inc,COUP
Alignment Healthcare Inc,ALHC
ONEOK Inc,OKE
Motus GI Holdings Inc,MOTS
Site Centers Corp,SITC
Honest Company Inc,HNST
Domtar Corp,UFS
MGM Growth Properties LLC,MGP
Civista Bancshares Inc,CIVB
Ladder Capital Corp,LADR
Blucora Inc,BCOR
United Community Banks Inc,UCBI
Privia Health Group Inc,PRVA
ACV Auctions Inc,ACVA
DCP Midstream LP,DCP
Perdoceo Education Corp,PRDO
CMS Energy Corp,CMS
CoreSite Realty Corp,COR
Industrial Logistics Properties Trust,ILPT
Inseego Corp,INSG
Interactive Brokers Group Inc,IBKR
Microsoft Corp,MSFT
Cambium Networks Corp,CMBM
Bloomin' Brands Inc,BLMN
Citrix Systems Inc,CTXS
Porch Group Inc,PRCH
Nutanix Inc,NTNX
Kinder Morgan Inc,KMI
LendingClub Corp,LC
Clearside Biomedical Inc,CLSD
Duckhorn Portfolio Inc,NAPA
Vivos Therapeutics Inc,VVOS
Eastgroup Properties Inc,EGP
Brandywine Realty Trust,BDN
PowerSchool Holdings Inc,PWSC
Servicemaster Global Holdings Inc,SERV
Morgan Stanley,MS
OneSpan Inc,OSPN
Identiv Inc,INVE
Guaranty Bancshares Inc,GNTY
Saia Inc,SAIA
Southwestern Energy Co,SWN
Sezzle Inc,SZL
American Tower Corp,AMT
Applied Genetic Technologies Corp,AGTC
Fortune Brands Home & Security Inc,FBHS
BankUnited Inc,BKU
Ellington Residential Mortgage REIT,EARN
California Resources Corp,CRC
Adobe Inc,ADBE
Yeti Holdings Inc,YETI
MRC Global Inc,MRC
Dynatrace Inc,DT
PolyOne Corp,POL
Artivion Inc,AORT
Dollar General Corp,DG
Titan International Inc,TWI
Nextera Energy Inc,NEE
Comscore Inc,SCOR
Zuora Inc,ZUO
Bank of New York Mellon Corp,BK
"Shift Technologies, Inc.",SFT
Rocket Companies Inc,RKT
Cymabay Therapeutics Inc,CBAY
Traeger Inc,COOK
Quest Resource Holding Corp,QRHC
Watsco Inc,WSO
Apollo Global Management LLC,APO
Azek Company Inc,AZEK
MDC Holdings Inc,MDC
First Citizens BancShares Inc (Delaware),FCNCA
Pegasystems Inc,PEGA
Perceptron Inc,PRCP
Take-Two Interactive Software Inc,TTWO
DoubleVerify Holdings Inc,DV
Accolade Inc,ACCD
Ventas Inc,VTR
EPAM Systems Inc,EPAM
FactSet Research Systems Inc,FDS
Penn National Gaming Inc,PENN
TransAtlantic Petroleum Ltd,TAT
New Residential Investment Corp,NRZ
AG Mortgage Investment Trust Inc,MITT
Retail Properties of America Inc,RPAI
ACADIA Pharmaceuticals Inc,ACAD
Sirius XM Holdings Inc,SIRI
Okta Inc,OKTA
Coeur Mining Inc,CDE
VEREIT Inc,VER
EZCORP Inc,EZPW
Cloudflare Inc,NET
Appian Corp,APPN
Old Dominion Freight Line Inc,ODFL
Trupanion Inc,TRUP
Arcimoto Inc,FUV
Dicerna Pharmaceuticals Inc,DRNA
A. H. Belo Corp,AHC
Orchid Island Capital Inc,ORC
AxoGen Inc,AXGN
Cano Health Inc,CANO
Oyster Point Pharma Inc,OYST
Illinois Tool Works Inc,ITW
Texas Roadhouse Inc,TXRH
Seer Inc,SEER
Shyft Group Inc,SHYF
UTZ Brands Inc,UTZ
European Wax Center Inc,EWCZ
Midwestone Financial Group Inc,MOFG
Graphic Packaging Holding Co,GPK
ON24 Inc,ONTF
Livongo Health Inc,LVGO
WesBanco Inc,WSBC
HEICO Corp,HEI
Envestnet Inc,ENV
Piper Sandler Companies,PIPR
RH,RH
Roblox Corp,RBLX
Twitter Inc,TWTR
Columbia Sportswear Co,COLM
Unity Software Inc,U
Madison Square Garden Sports Corp,MSGS
CubeSmart,CUBE
NCS Multistage Holdings Inc,NCSM
Federated Hermes Inc,FHI
Highwoods Properties Inc,HIW
Entercom Communications Corp,ETM
Fate Therapeutics Inc,FATE
Open Lending Corp,LPRO
Mr. Cooper Group Inc,COOP
Norfolk Southern Corp,NSC
Bp Midstream Partners LP,BPMP
CVR Energy Inc,CVI
Amdocs Ltd,DOX
Invesco Ltd,IVZ
Lithia Motors Inc,LAD
Synchrony Financial,SYF
Construction Partners Inc,ROAD
Home BancShares Inc,HOMB
Agile Therapeutics Inc,AGRX
Green Plains Inc,GPRE
Bank of Marin Bancorp,BMRC
CS Disco Inc,LAW
Toll Brothers Inc,TOL
WillScot Corp,WSC
Digirad Corp,DRAD
Foundation Building Materials Inc,FBM
Eldorado Resorts Inc,ERI
CalAmp Corp,CAMP
Montage Resources Corp,MR
First Industrial Realty Trust Inc,FR
Axos Financial Inc,AX
Patterson-UTI Energy Inc,PTEN
Urovant Sciences Ltd,UROV
Bridge Bancorp Inc,BDGE
Duke Realty Corp,DRE
Purple Innovation Inc,PRPL
KeyCorp,KEY
PRA Health Sciences Inc,PRAH
Synaptics Inc,SYNA
Cirrus Logic Inc,CRUS
PNM Resources Inc,PNM
Carmax Inc,KMX
Public Storage,PSA
Citigroup Inc,C
Signify Health Inc,SGFY
MicroVision Inc,MVIS
HC2 Holdings Inc,HCHC
Cyclacel Pharmaceuticals Inc,CYCC
Vontier Corp,VNT
Nuance Communications Inc,NUAN
Shift4 Payments Inc,FOUR
NVIDIA Corp,NVDA
Banc of California Inc,BANC
Dime Community Bancshares Inc,DCOM
Franklin Resources Inc,BEN
STAG Industrial Inc,STAG
Core & Main Inc,CNM
Dolphin Entertainment Inc,DLPN
Global Payments Inc,GPN
Ameriprise Financial Inc,AMP
Ginkgo Bioworks Holdings Inc,DNA
Avis Budget Group Inc,CAR
EOG Resources Inc,EOG
Huntington Bancshares Inc,HBAN
Jack in the Box Inc,JACK
VMware Inc,VMW
Mp Materials Corp,MP
Jack Henry & Associates Inc,JKHY
Jamf Holding Corp,JAMF
Acreage Holdings Inc,ACRG.U
Acreage Holdings Inc,ACRG.A.U
C.H. Robinson Worldwide Inc,CHRW
Otelco Inc,OTEL
Orgenesis Inc,ORGS
Schneider National Inc,SNDR
F5 Networks Inc,FFIV
Belden Inc,BDC
First Merchants Corp,FRME
Royalty Pharma PLC,RPRX
Devon Energy Corp,DVN
PRGX Global Inc,PRGX
Interpublic Group of Companies Inc,IPG
Sprinklr Inc,CXM
Akamai Technologies Inc,AKAM
DiamondRock Hospitality Co,DRH
Beauty Health Co,SKIN
Concentrix Corp,CNXC
Office Properties Income Trust,OPI
Air Lease Corp,AL
Dupont De Nemours Inc,DD
Donaldson Company Inc,DCI
Couchbase Inc,BASE
Waddell & Reed Financial Inc,WDR
Equity Residential,EQR
Energy Transfer LP,ET
Covenant Logistics Group Inc,CVLG
Northern Oil and Gas Inc,NOG
Mohegan Gaming & Entertainment,
Smart Sand Inc,SND
Campbell Soup Co,CPB
Equinix Inc,EQIX
Oportun Financial Corp,OPRT
Choice Hotels International Inc,CHH
Webster Financial Corp,WBS
Eaton Vance Corp,EV
Lattice Semiconductor Corp,LSCC
Constellation Pharmaceuticals Inc,CNST
ANGI Homeservices Inc,ANGI
Fubotv Inc,FUBO
LSB Industries Inc,LXU
Oasis Petroleum Inc,OAS
National Fuel Gas Co,NFG
Pebblebrook Hotel Trust,PEB
General Mills Inc,GIS
Atmos Energy Corp,ATO
BJ's Wholesale Club Holdings Inc,BJ
Viatris Inc,VTRS
Alaska Air Group Inc,ALK
Sterling Bancorp,STL
MPLX LP,MPLX
New Relic Inc,NEWR
Exelixis Inc,EXEL
Xencor Inc,XNCR
Ovintiv Inc,OVV
Cogent Communications Holdings Inc,CCOI
New Fortress Energy LLC,NFE
Rosetta Stone Inc,RST
CoStar Group Inc,CSGP
EVINE Live Inc,EVLV
Cresco Labs Inc,CL
Duolingo Inc,DUOL
Piedmont Office Realty Trust Inc,PDM
Sunnova Energy International Inc,NOVA
Flagstar Bancorp Inc,FBC
Hyzon Motors Inc,HYZN
Comstock Mining Inc,LODE
Brightspire Capital Inc,BRSP
RigNet Inc,RNET
Hudson Ltd,HUD
U.S. Bancorp,USB
Intapp Inc,INTA
Dana Inc,DAN
Alphatec Holdings Inc,ATEC
L Brands Inc,LB
Martin Marietta Materials Inc,MLM
Arlington Asset Investment Corp,AAIC
QAD Inc,QADA
First Eagle Alternative Capital BDC Inc,FCRD
Select Energy Services Inc,WTTR
OPTIMIZERx Corp,OPRX
Rivian Automotive Inc,RIVN
AllianceBernstein Holding LP,AB
Tenable Holdings Inc,TENB
ImageWare Systems Inc,IWSY
Columbia Care Inc,CCHW
Trxade Group Inc,MEDS
Nasdaq Inc,NDAQ
Prosperity Bancshares Inc,PB
CapStar Financial Holdings Inc,CSTR
Ceres Global Ag Corp,CRP
BankFinancial Corp,BFIN
ORBCOMM Inc,ORBC
Upstart Holdings Inc,UPST
ATI Physical Therapy Inc,ATIP
Inphi Corp,IPHI
Lazydays Holdings Inc,LAZY
Hub Group Inc,HUBG
Veritone Inc,VERI
Goldman Sachs Group Inc,GS
Yellow Corp,YELL
Delta Air Lines Inc,DAL
Black Knight Inc,BKI
LyondellBasell Industries NV,LYB
Cinedigm Corp,CIDM
National Rural Utilities Cooperative Finance Corp,
PubMatic Inc,PUBM
MaxLinear Inc,MXL
Compass Inc,COMP
Allison Transmission Holdings Inc,ALSN
FirstEnergy Corp,FE
Noble Energy Inc,NBL
On Deck Capital Inc,ONDK
D.R. Horton Inc,DHI
Tricida Inc,TCDA
Banner Corp,BANR
Apache Corp,APA
eBay Inc,EBAY
Cloudera Inc,CLDR
Enterprise Financial Services Corp,EFSC
AMAG Pharmaceuticals Inc,AMAG
Academy Sports & Outdoors Inc,ASO
American Equity Investment Life Holding Co,AEL
Teradyne Inc,TER
Vroom Inc,VRM
Burlington Stores Inc,BURL
MDC Partners Inc,MDCA
Dropbox Inc,DBX
Innovate Corp,VATE
People's United Financial Inc,PBCT
Mace Security International Inc,MACE
Univest Financial Corp,UVSP
AssetMark Financial Holdings Inc,AMK
Zillow Group Inc,ZG
Zoom Telephonics Inc,ZMTP
agilon health Inc,AGL
Providence Service Corp,PRSC
KKR & Co Inc,KKR
Navidea Biopharmaceuticals Inc,NAVB
Eiger BioPharmaceuticals Inc,EIGR
KemPharm Inc,KMPH
NACCO Industries Inc,NC
ALJ Regional Holdings Inc,ALJJ
Knowbe4 Inc,KNBE
NGL Energy Partners LP,NGL
Vornado Realty Trust,VNO
Dallasnews Corp,DALN
CSI Compressco LP,CCLP
Qualys Inc,QLYS
Albireo Pharma Inc,ALBO
Domo Inc,DOMO
Qualtrics International Inc,XM
TC PipeLines LP,TCP
Magellan Health Inc,MGLN
Natural Gas Services Group Inc,NGS
Fathom Holdings Inc,FTHM
Blackline Inc,BL
Skillsoft Corp,SKIL
W W Grainger Inc,GWW
Centennial Resource Development Inc,CDEV
Wisdom Tree Investments Inc,WETF
Solaris Oilfield Infrastructure Inc,SOI
USD Partners LP,USDP
Boingo Wireless Inc,WIFI
Lineage Cell Therapeutics Inc,LCTX
Franchise Group Inc,FRG
CIT Group Inc,CIT
Organon & Co,OGN
Immunomedics Inc,IMMU
EQT Corp,EQT
Xometry Inc,XMTR
InnovAge Holding Corp,INNV
Outbrain Inc,OB
Astra Space Inc,ASTR
F-Star Therapeutics Inc,FSTX
Magellan Midstream Partners LP,MMP
InnerWorkings Inc,INWK
BancorpSouth Bank,BXS
Danimer Scientific Inc,DNMR
Penn Virginia Corp,PVAC
Retail Opportunity Investments Corp,ROIC
Integral Ad Science Holding Corp,IAS
Arbor Realty Trust Inc,ABR
Azenta Inc,AZTA
Two Harbors Investment Corp,TWO
Rover Group Inc,ROVR
eGain Corp,EGAN
Amplify Energy Corp,AMPY
Sequential Brands Group Inc,SQBG
Toast Inc,TOST
Kubient Inc,KBNT
Bridgeline Digital Inc,BLIN
NetSol Technologies Inc,NTWK
Medavail Holdings Inc,MDVL
Diversified Gas & Oil PLC,DGOC
Contura Energy Inc,CTRA
Lantern Pharma Inc.,LTRN
New Jersey Resources Corp,NJR
American Outdoor Brands Inc,AOUT
Gatos Silver Inc,GATO
Manhattan Associates Inc,MANH
Midland States Bancorp Inc,MSBI
AppHarvest Inc,APPH
SiTime Corp,SITM
Telenav Inc,TNAV
Knoll Inc,KNL
Akcea Therapeutics Inc,AKCA
Affirm Holdings Inc,AFRM
NextGen Healthcare Inc,NXGN
Covanta Holding Corp,CVA
Treace Medical Concepts Inc,TMCI
Leaf Group Ltd,LEAF
Spectrum Pharmaceuticals Inc,SPPI
Vertex Inc,VERX
ChampionX Corp,CHX
Pioneer Natural Resources Co,PXD
Nesco Holdings Inc,NSCO
Armada Hoffler Properties Inc,AHH
Shoals Technologies Group Inc,SHLS
Relmada Therapeutics Inc,RLMD
Tidewater Inc,TDW
ChargePoint Holdings Inc,CHPT
Wolfspeed Inc,WOLF
Ryan Specialty Group Holdings Inc,RYAN
Minerva Neurosciences Inc,NERV
MSG Networks Inc,MSGN
Intrusion Inc,INTZ
Enterprise Products Partners LP,EPD
Wintrust Financial Corp,WTFC
SPS Commerce Inc,SPSC
Coursera Inc,COUR
Aqua Metals Inc,AQMS
Powell Industries Inc,POWL
MSCI Inc,MSCI
US Xpress Enterprises Inc,USX
Pfenex Inc,PFNX
Dun & Bradstreet Holdings Inc,DNB
Consensus Cloud Solutions Inc,CCSI
Electronic Arts Inc,EA
Tradeweb Markets Inc,TW
Avidxchange Holdings Inc,AVDX
FuelCell Energy Inc,FCEL
LegalZoom.com Inc,LZ
EverCommerce Inc,EVCM
Marathon Oil Corp,MRO
Palomar Holdings Inc,PLMR
Diamondback Energy Inc,FANG
Adams Diversified Equity Fund Inc,ADX
APA Corp (US),APA
BRT Apartments Corp,BRT
Briggs & Stratton Corp,BGG
Consolidated-Tomoka Land Co,CTO
CTO Realty Growth Inc,CTO
Old Holdco Inc,
Ascena Retail Group Inc,ASNA
NewMarket Corp,NEU
GEE Group Inc,JOB
Hertz Global Holdings Inc,HTZ
HF Sinclair Corp,DINO
Starwood Hotels & Resorts Worldwide Inc,HOT
InterDigital Inc,IDCC
LGL Group Inc,LGL
Michaels Companies Inc,MIK
MillerKnoll Inc,MLKN
Olin Corp,OLN
Park Electrochemical Corp,PKE
Parker Drilling Co,PKDC
Exelon Corp,EXC
Raven Industries Inc,RAVN
SilverBow Resources Inc,SBOW
Texas Pacific Land Corp,TPL
Varian Medical Systems Inc,VAR
Key Energy Services Inc,KEGXD
National Retail Properties Inc,NNN
Kaspien Holdings Inc,KSPN
M/I Homes Inc,MHO
Delek Logistics Partners LP,DKL
Sono-Tek Corp,SOTK
Repro Med Systems Inc,KRMD
GCI Liberty Inc,GLIBA
Ferrellgas Partners LP,FGPR
Maxim Integrated Products Inc,MXIM
Callon Petroleum Co,CPE
CEC Entertainment Inc,CEC
Ambarella Inc,AMBA
Heritage Global Inc,HGBL
CyrusOne Inc,CONE
Western Midstream Partners LP,WES
Benefytt Technologies Inc,BFYT
Model N Inc,MODN
TriState Capital Holdings Inc,TSC
Hannon Armstrong Sustainable Infrastructure Capital Inc,HASI
Phillips 66 Partners LP,PSXP
Finjan Holdings Inc,FNJN
Evoke Pharma Inc,EVOK
National General Holdings Corp,NGHC
Precigen Inc,PGEN
Ideal Power Inc,IPWR
LGI Homes Inc,LGIH
Capitala Finance Corp,CPTA
Zyla Life Sciences,
Societal CDMO Inc,SCTL
Enable Midstream Partners LP,ENBL
GrubHub Inc,GRUB
EnLink Midstream LLC,ENLC
Parsley Energy Inc,PE
MobileIron Inc,MOBL
Primo Water Corp,PRMW
Washington Prime Group Inc,WPG
Papa Murphy's Holdings Inc,
Cabot Oil & Gas Corp,COG
Ardelyx Inc,ARDX
Denbury Resources Inc,DNR
Nextera Energy Partners LP,NEP
Via Renewables Inc,VIA
Cannae Holdings Inc,CNNE
NTN Buzztime Inc,NTN
Second Sight Medical Products Inc,EYES
Rhythm Pharmaceuticals Inc,RYTM
Vivint Solar Inc,VSLR
CNX Midstream Partners LP,CNXM
Mammoth Energy Services Inc,TUSK
Verb Technology Company Inc,VERB
Contango Oil & Gas Co,MCF
Xilinx Inc,XLNX
Earthstone Energy Inc,ESTE
Jernigan Capital Inc,JCAP
Tyme Technologies Inc,TYME
People's Utah Bancorp,PUB
PS Business Parks Inc,PSB
Catabasis Pharmaceuticals Inc,CATB
BMC Stock Holdings Inc,BMCH
Majesco,MJCO
Stein Mart Inc,SMRT
Conversion Labs Inc,CVLB
Superior Energy Services Inc,SPN
BioHiTech Global Inc,BHTG
KEMET Corp,
SM Energy Co,SM
IAC/InterActiveCorp,IAC
Gulfport Energy Corp,GPOR
MyoKardia Inc,MYOK
Loandepot Inc,LDI
Instructure Inc,INST
Noble Midstream Partners LP,NBLX
Phillips Edison & Co Inc,PECO
Vivid Seats Inc,SEAT
Protagonist Therapeutics Inc,PTGX
Extraction Oil & Gas Inc,XOG
Donnelley Financial Solutions Inc,DFIN
Intuit Inc,INTU
Howmet Aerospace Inc,HWM
Libbey Inc,LBY
Shiloh Industries Inc,SHLO
First Defiance Financial Corp,FDEF
Lexington Realty Trust,LXP
BeyondSpring Inc,BYSI
Mobile Mini Inc,MINI
Vivus Inc,VVUS
Hamilton Lane Inc,HLNE
miRagen Therapeutics Inc,MGEN
Veris Residential Inc,VRE
Oasis Midstream Partners LP,OMP
INTL FCStone Inc,INTL
Calyxt Inc,CLXT
Neuroone Medical Technologies Corp,NMTC
Quintana Energy Services Inc,QES
Solid Biosciences Inc,SLDB
Cactus Inc,WHD
FTS International Inc,FTSI
Vaxart Inc,VXRT
Apergy Corp,APY
Edison Nation Inc,EDNT
Scholar Rock Holding Corp,SRRK
Wrap Technologies Inc,WRTC
Xeris Pharmaceuticals Inc,XERS
Liquidia Technologies Inc,LQDA
Galaxy Digital Holdings Ltd,GLXY
Rattler Midstream LP,RTLR
Entasis Therapeutics Holdings Inc,ETTX
Kodiak Sciences Inc,KOD
Momentive Global Inc,MNTV
Allogene Therapeutics Inc,ALLO
Eagle Point Income Company Inc,EIC
Equitrans Midstream Corp,ETRN
Waitr Holdings Inc,WTRH
Harvest Health & Recreation Inc,
Silvergate Capital Corp,SI
Lightning eMotors Inc,ZEV
Phunware Inc,PHUN
Kaleido Biosciences Inc,KLDO
Turning Point Therapeutics Inc,TPTX
Sciplay Corp,SCPL
Cansortium Inc,TIUM.U
Lowell Farms Inc,LOWL
Aterian Inc,ATER
Mirum Pharmaceuticals Inc,MIRM
Gbs Inc,GBS
Glass House Brands Inc,GLAS.A.U
Salarius Pharmaceuticals Inc,SLRX
Stabilis Energy Inc,SLNG
Stabilis Solutions Inc,SLNG
IGM Biosciences Inc,IGMS
Karat Packaging Inc,KRT
Alpine Income Property Trust Inc,PINE
Baudax Bio Inc,BXRX
Muscle Maker Inc,GRIL
New York City REIT Inc,NYC
Imara Inc,IMRA
Procore Technologies Inc,PCOR
Purecycle Technologies Inc,PCT
E2open Parent Holdings Inc,ETWO
Harbor Custom Development Inc,HCDI
1847 Goedeker Inc,GOED
Vaxcyte Inc,PCVX
Lemonade Inc,LMND
Hall of Fame Resort & Entertainment Co,HOFV
Jfrog Ltd,FROG
Taysha Gene Therapies Inc,TSHA
Bentley Systems Inc,BSY
Praxis Precision Medicines Inc,PRAX
Paya Holdings Inc,PAYA
Fisker Inc,FSR
GCM Grosvenor Inc,GCMG
Science 37 Holdings Inc,SNCE
DoorDash Inc,DASH
Quantumscape Corp,QS
Apartment Income REIT Corp,AIRC
Opendoor Technologies Inc,OPEN
Skillz Inc,SKLZ
Bird Global Inc,BRDS
iSpecimen Inc,ISPC
UWM Holdings Corp,UWMC
Sonder Holdings Inc,SOND
Hims & Hers Health Inc,HIMS
Carlotz Inc,LOTZ
Metromile Inc,MILE
COMSovereign Holding Corp,COMS
Butterfly Network Inc,BFLY
Forian Inc,FORA
Ouster Inc,OUST
Skywater Technology Inc,SKYT
Zymergen Inc,ZY
Five Star Bancorp,FSBC
UiPath Inc,PATH
Taskus Inc,TASK
FTC Solar Inc,FTCI
Zeta Global Holdings Corp,ZETA
23andMe Holding Co.,ME
Meridianlink Inc,MLNK
Vimeo Inc,VMEO
Figs Inc,FIGS
Blade Air Mobility Inc,BLDE
1stdibs.Com Inc,DIBS
Marqeta Inc,MQ
Lifestance Health Group Inc,LFST
SoFi Technologies Inc,SOFI
Doximity Inc,DOCS
Mister Car Wash Inc,MCW
Quantum-Si Inc,QSI
CareMax Inc,CMAX
Playstudios Inc,MYPS
Blend Labs Inc,BLND
F45 Training Holdings Inc,FXLV
Somalogic Inc,SLGC
Electric Last Mile Solutions Inc,ELMS
Beachbody Company Inc,BODY
CVRx Inc,CVRX
Torrid Holdings Inc,CURV
Sight Sciences Inc,SGHT
N-Able Inc,NABL
Wheels Up Experience Inc,UP
Thorne Healthtech Inc,THRN
Stryve Foods Inc,SNAX
IsoPlexis Corp,ISO
Stagwell Inc,STGW
Victoria's Secret & Co,VSCO
MarketWise Inc,MKTW
GXO Logistics Inc,GXO
Lucid Group Inc,LCID
Microvast Holdings Inc,MVST
CCC Intelligent Solutions Holdings Inc,CCCS
Definitive Healthcare Corp,DH
Dutch Bros Inc,BROS
Rocket Lab USA Inc,RKLB
Humacyte Inc,HUMA
Sterling Check Corp,STER
Sovos Brands Inc,SOVO
Allbirds Inc,BIRD
Remitly Global Inc,RELY
Amplitude Inc,AMPL
Cue Health Inc,HLTH
Offerpad Solutions Inc,OPAD
Nerdy Inc,NRDY
Paragon 28 Inc,FNA
Fluence Energy Inc,FLNC
Portillos Inc,PTLO
KORE Group Holdings Inc,KORE
Udemy Inc,UDMY
Rent the Runway Inc,RENT
Nerdwallet Inc,NRDS
Expensify Inc,EXFY
Bakkt Holdings Inc,BKKT
Backblaze Inc,BLZE
Weave Communications Inc,WEAV
Mirion Technologies Inc,MIR
Sweetgreen Inc,SG
Loyalty Ventures Inc,LYLT
Chicago Atlantic Real Estate Finance Inc,REFI
Samsara Inc,IOT
AeroClean Technologies Inc,AERC
Global Industrial Co,GIC
American River Bankshares,AMRB
Acacia Research Corp,ACTG
Westell Technologies Inc,WSTL
ENGlobal Corp,ENG
SS&C Technologies Holdings Inc,SSNC
Endologix Inc,ELGX
PURE Biosciences Inc,PURE
Aware Inc,AWRE
DPW Holdings Inc,DPW
TiVo Corp,
Indus Realty Trust Inc,INDT
FARO Technologies Inc,FARO
Sonida Senior Living Inc,SNDA
Nanophase Technologies Corp,NANX
Brookline Bancorp Inc,BRKL
Interpace Biosciences Inc,IDXG
School Specialty Inc,SCOO
FRMO Corp,FRMO
American Outdoor Brands Corp,AOBC
Great Elm Capital Group Inc,GEC
Alaska Communications Systems Group Inc,ALSK
Frontier Communications Parent Inc,FYBR
Berkshire Hills Bancorp Inc,BHLB
RTI Surgical Holdings Inc,RTIX
Vermillion Inc,VRML
Array Biopharma Inc,ARRY
Liquidmetal Technologies Inc,LQMT
Alerislife Inc,ALR
Inpixon,INPX
Cimarex Energy Co,XEC
Ontrak Inc,OTRK
Nephros Inc,NEPH
Whiting Petroleum Corp,WLL
Omniq Corp,OMQS
Alacer Gold Corp,ASR
Advanced Emissions Solutions Inc,ADES
Stonemor Inc,STON
RTW Retailwinds Inc,RTW
Aemetis Inc,AMTX
HighPoint Resources Corp,HPR
Sunesis Pharmaceuticals Inc,SNSS
GTT Communications Inc,GTT
Warner Bros Discovery Inc,WBD
Advaxis Inc,ADXS
CorEnergy Infrastructure Trust Inc,CORR
Chaparral Energy Inc,CHAP
Howard Bancorp Inc,HBMD
EQM Midstream Partners LP,
Garrison Capital Inc,GARS
Stemline Therapeutics Inc,STML
Houston Wire & Cable Co,HWCC
Seven Hills Realty Trust,SEVN
Windstream Holdings Inc,WINMQ
Aircastle Ltd,
Weyland Tech Inc,WEYL
Aviat Networks Inc,AVNW
Glu Mobile Inc,GLUU
Pennantpark Investment Corp,PNNT
JMP Group LLC,JMP
TSS Inc,TSSI
BlackRock Capital Investment Corp,BKCC
Concho Resources Inc,CXO
LPL Financial Holdings Inc,LPLA
Pzena Investment Management Inc,PZN
INVO Bioscience Inc,INVO
Activision Blizzard Inc,ATVI
MYOS RENS Technology Inc,MYOS
Suncrest Bank,SBKK
Verus International Inc,VRUS
Digitalbridge Group Inc,DBRG
Minim Inc,MINM
ARMOUR Residential REIT Inc,ARR
Calix Inc,CALX
Blink Charging Co,BLNK
Cricut Inc,CRCT
Better Choice Company Inc,BTTR
THL Credit Inc,TCRD
First American Financial Corp,FAF
Quipt Home Medical Corp,QIPT
Enservco Corp,ENSV
GNC Holdings Inc,GNC
Clarus Therapeutics Holdings Inc,CRXT
CVR Partners LP,UAN
SLR Senior Investment Corp,
WPX Energy Inc,
Global Eagle Entertainment Inc,ENT
VistaGen Therapeutics Inc,VTGN
Bonanza Creek Energy Inc,BCEI
Era Group Inc,ERA
Synageva BioPharma Corp,GEVA
Momenta Pharmaceuticals Inc,MNTA
Diversified Energy Company PLC,DEC
Razer Inc,1337
Radius Global Infrastructure Inc,RADI
Revasum Inc,RVS
ContextLogic Inc,WISH
